"customer_id","Recency_Score","Frequency_Score","Monetary_Score","RFM_Score","Target"
1,4,4,3,443,"High-Value"
2,1,1,2,112,"Low-Value"
4,1,1,1,111,"Low-Value"
5,4,3,2,432,"High-Value"
6,2,2,3,223,"Mid-Value"
7,1,1,1,111,"Low-Value"
8,3,4,4,344,"High-Value"
9,2,3,2,232,"Mid-Value"
11,2,2,3,223,"Mid-Value"
12,2,3,3,233,"Mid-Value"
13,3,3,4,334,"Mid-Value"
14,2,1,1,211,"Low-Value"
15,3,3,1,331,"Mid-Value"
16,1,2,4,124,"Low-Value"
17,4,2,2,422,"High-Value"
18,1,3,3,133,"Low-Value"
19,1,1,1,111,"Low-Value"
20,3,1,3,313,"Mid-Value"
21,4,2,4,424,"High-Value"
24,4,3,3,433,"High-Value"
25,4,4,4,444,"High-Value"
26,1,1,1,111,"Low-Value"
27,1,3,3,133,"Low-Value"
28,2,3,3,233,"Mid-Value"
29,3,4,4,344,"High-Value"
30,4,1,2,412,"High-Value"
31,1,1,1,111,"Low-Value"
32,1,3,3,133,"Low-Value"
33,3,3,4,334,"Mid-Value"
35,1,1,3,113,"Low-Value"
36,1,1,1,111,"Low-Value"
37,4,4,4,444,"High-Value"
38,2,1,2,212,"Low-Value"
39,3,4,4,344,"High-Value"
40,4,2,3,423,"High-Value"
41,3,4,4,344,"High-Value"
42,1,1,1,111,"Low-Value"
43,2,4,3,243,"Mid-Value"
44,3,3,4,334,"Mid-Value"
45,3,1,1,311,"Mid-Value"
46,2,2,1,221,"Low-Value"
47,3,3,4,334,"Mid-Value"
48,2,4,4,244,"Mid-Value"
49,3,1,2,312,"Mid-Value"
50,3,3,4,334,"Mid-Value"
51,2,4,4,244,"Mid-Value"
52,4,3,4,434,"High-Value"
53,4,2,3,423,"High-Value"
54,2,3,3,233,"Mid-Value"
55,2,4,3,243,"Mid-Value"
56,4,3,1,431,"High-Value"
57,3,3,4,334,"Mid-Value"
58,3,4,3,343,"High-Value"
59,3,1,2,312,"Mid-Value"
60,1,1,1,111,"Low-Value"
61,2,3,4,234,"Mid-Value"
62,4,3,4,434,"High-Value"
63,2,1,2,212,"Low-Value"
64,4,2,1,421,"High-Value"
65,1,2,3,123,"Low-Value"
66,3,2,4,324,"Mid-Value"
67,1,2,1,121,"Low-Value"
68,2,1,3,213,"Low-Value"
69,3,3,4,334,"Mid-Value"
70,4,2,2,422,"High-Value"
71,1,1,1,111,"Low-Value"
72,3,1,2,312,"Mid-Value"
73,1,3,2,132,"Low-Value"
74,3,1,1,311,"Mid-Value"
75,2,4,4,244,"Mid-Value"
76,4,4,3,443,"High-Value"
77,1,1,1,111,"Low-Value"
78,1,1,1,111,"Low-Value"
79,2,2,2,222,"Mid-Value"
80,3,4,4,344,"High-Value"
81,4,1,3,413,"High-Value"
82,2,2,3,223,"Mid-Value"
83,2,3,2,232,"Mid-Value"
84,3,3,2,332,"Mid-Value"
85,3,3,1,331,"Mid-Value"
86,4,4,2,442,"High-Value"
87,4,4,3,443,"High-Value"
88,2,3,2,232,"Mid-Value"
89,4,4,4,444,"High-Value"
90,3,3,3,333,"Mid-Value"
91,4,4,4,444,"High-Value"
92,3,1,3,313,"Mid-Value"
93,2,1,3,213,"Low-Value"
94,3,3,4,334,"Mid-Value"
95,3,1,3,313,"Mid-Value"
96,2,1,1,211,"Low-Value"
97,1,4,4,144,"Low-Value"
98,1,1,1,111,"Low-Value"
99,4,4,4,444,"High-Value"
100,4,1,1,411,"High-Value"
101,4,1,2,412,"High-Value"
102,3,3,2,332,"Mid-Value"
103,1,1,1,111,"Low-Value"
104,2,3,3,233,"Mid-Value"
105,1,1,3,113,"Low-Value"
106,4,1,2,412,"High-Value"
107,2,1,2,212,"Low-Value"
108,4,1,2,412,"High-Value"
109,4,4,4,444,"High-Value"
110,4,3,2,432,"High-Value"
111,1,1,3,113,"Low-Value"
112,2,3,4,234,"Mid-Value"
113,1,3,2,132,"Low-Value"
114,2,1,2,212,"Low-Value"
115,4,4,3,443,"High-Value"
116,4,4,2,442,"High-Value"
117,4,4,4,444,"High-Value"
118,2,2,3,223,"Mid-Value"
119,3,1,4,314,"Mid-Value"
120,1,1,1,111,"Low-Value"
121,1,1,3,113,"Low-Value"
122,4,2,2,422,"High-Value"
123,1,1,3,113,"Low-Value"
124,4,3,3,433,"High-Value"
125,2,4,3,243,"Mid-Value"
126,4,1,1,411,"High-Value"
127,3,4,3,343,"High-Value"
128,1,1,2,112,"Low-Value"
129,1,1,2,112,"Low-Value"
130,2,1,1,211,"Low-Value"
131,1,3,4,134,"Low-Value"
132,4,3,2,432,"High-Value"
133,3,2,1,321,"Mid-Value"
134,4,3,3,433,"High-Value"
135,1,3,4,134,"Low-Value"
136,3,4,3,343,"High-Value"
137,3,2,1,321,"Mid-Value"
138,2,3,3,233,"Mid-Value"
139,3,4,4,344,"High-Value"
140,4,3,2,432,"High-Value"
141,1,1,2,112,"Low-Value"
142,4,4,3,443,"High-Value"
143,4,1,2,412,"High-Value"
144,4,4,4,444,"High-Value"
145,3,3,3,333,"Mid-Value"
146,1,1,1,111,"Low-Value"
147,3,3,4,334,"Mid-Value"
148,3,2,3,323,"Mid-Value"
149,4,1,1,411,"High-Value"
150,2,1,2,212,"Low-Value"
151,4,3,4,434,"High-Value"
152,1,1,2,112,"Low-Value"
153,2,3,4,234,"Mid-Value"
154,3,2,1,321,"Mid-Value"
155,4,1,1,411,"High-Value"
156,4,2,3,423,"High-Value"
157,1,1,1,111,"Low-Value"
158,2,3,4,234,"Mid-Value"
159,2,3,3,233,"Mid-Value"
160,1,1,2,112,"Low-Value"
161,1,1,1,111,"Low-Value"
162,1,1,1,111,"Low-Value"
163,1,1,1,111,"Low-Value"
164,1,1,1,111,"Low-Value"
165,4,4,4,444,"High-Value"
166,2,3,3,233,"Mid-Value"
167,4,4,4,444,"High-Value"
168,1,4,4,144,"Low-Value"
169,2,1,1,211,"Low-Value"
170,1,1,1,111,"Low-Value"
171,4,4,4,444,"High-Value"
172,4,3,2,432,"High-Value"
173,4,4,4,444,"High-Value"
174,4,4,4,444,"High-Value"
175,2,2,2,222,"Mid-Value"
176,3,1,3,313,"Mid-Value"
177,3,4,3,343,"High-Value"
178,3,1,2,312,"Mid-Value"
179,3,1,2,312,"Mid-Value"
180,4,3,3,433,"High-Value"
181,2,2,2,222,"Mid-Value"
182,4,3,4,434,"High-Value"
183,1,3,3,133,"Low-Value"
184,3,1,2,312,"Mid-Value"
185,4,3,3,433,"High-Value"
186,3,3,2,332,"Mid-Value"
187,4,3,3,433,"High-Value"
188,4,3,2,432,"High-Value"
189,4,2,4,424,"High-Value"
190,3,1,1,311,"Mid-Value"
191,1,1,1,111,"Low-Value"
192,2,1,1,211,"Low-Value"
193,3,2,2,322,"Mid-Value"
194,1,1,2,112,"Low-Value"
195,4,3,4,434,"High-Value"
196,1,4,3,143,"Low-Value"
197,3,4,3,343,"High-Value"
198,2,4,4,244,"Mid-Value"
199,4,1,2,412,"High-Value"
200,4,4,4,444,"High-Value"
201,3,4,4,344,"High-Value"
202,4,1,1,411,"High-Value"
203,4,2,1,421,"High-Value"
204,3,4,4,344,"High-Value"
205,2,4,2,242,"Mid-Value"
206,2,1,3,213,"Low-Value"
207,1,1,1,111,"Low-Value"
208,3,2,3,323,"Mid-Value"
209,1,2,3,123,"Low-Value"
210,3,3,3,333,"Mid-Value"
211,3,4,3,343,"High-Value"
212,1,1,1,111,"Low-Value"
213,3,4,4,344,"High-Value"
214,2,2,1,221,"Low-Value"
215,4,4,3,443,"High-Value"
216,4,1,2,412,"High-Value"
217,4,3,2,432,"High-Value"
218,4,1,1,411,"High-Value"
219,3,3,1,331,"Mid-Value"
220,4,3,4,434,"High-Value"
221,4,3,3,433,"High-Value"
222,3,1,1,311,"Mid-Value"
223,2,3,3,233,"Mid-Value"
224,4,3,3,433,"High-Value"
225,3,1,1,311,"Mid-Value"
226,1,1,1,111,"Low-Value"
227,3,2,3,323,"Mid-Value"
228,2,2,3,223,"Mid-Value"
229,2,2,2,222,"Mid-Value"
230,3,4,4,344,"High-Value"
231,3,1,2,312,"Mid-Value"
232,1,3,3,133,"Low-Value"
233,4,3,2,432,"High-Value"
234,4,4,4,444,"High-Value"
235,4,4,4,444,"High-Value"
236,4,1,2,412,"High-Value"
237,3,4,3,343,"High-Value"
238,1,2,3,123,"Low-Value"
239,4,4,4,444,"High-Value"
240,1,3,2,132,"Low-Value"
241,2,1,2,212,"Low-Value"
242,1,3,2,132,"Low-Value"
243,2,2,2,222,"Mid-Value"
244,1,1,3,113,"Low-Value"
245,4,2,2,422,"High-Value"
246,3,4,3,343,"High-Value"
247,1,3,4,134,"Low-Value"
248,1,3,3,133,"Low-Value"
249,2,4,2,242,"Mid-Value"
250,3,3,3,333,"Mid-Value"
251,3,1,1,311,"Mid-Value"
252,2,2,2,222,"Mid-Value"
253,4,2,1,421,"High-Value"
254,3,3,4,334,"Mid-Value"
255,2,4,4,244,"Mid-Value"
256,4,2,1,421,"High-Value"
257,1,2,3,123,"Low-Value"
258,4,2,1,421,"High-Value"
259,3,1,2,312,"Mid-Value"
260,4,4,3,443,"High-Value"
261,2,4,3,243,"Mid-Value"
262,4,2,2,422,"High-Value"
263,2,3,3,233,"Mid-Value"
264,2,1,1,211,"Low-Value"
265,2,1,2,212,"Low-Value"
266,3,1,1,311,"Mid-Value"
267,1,1,2,112,"Low-Value"
268,2,1,2,212,"Low-Value"
269,1,2,1,121,"Low-Value"
270,4,3,4,434,"High-Value"
271,1,1,1,111,"Low-Value"
272,1,3,3,133,"Low-Value"
273,3,4,4,344,"High-Value"
274,1,1,1,111,"Low-Value"
275,1,3,4,134,"Low-Value"
276,4,3,1,431,"High-Value"
277,3,1,1,311,"Mid-Value"
278,1,1,1,111,"Low-Value"
279,4,3,2,432,"High-Value"
280,3,4,4,344,"High-Value"
281,4,1,2,412,"High-Value"
282,2,1,1,211,"Low-Value"
283,1,2,4,124,"Low-Value"
284,1,2,3,123,"Low-Value"
285,4,3,2,432,"High-Value"
286,1,1,2,112,"Low-Value"
287,1,1,1,111,"Low-Value"
288,3,1,2,312,"Mid-Value"
289,3,4,3,343,"High-Value"
290,4,2,3,423,"High-Value"
291,3,1,1,311,"Mid-Value"
292,2,3,3,233,"Mid-Value"
293,4,2,2,422,"High-Value"
294,1,3,4,134,"Low-Value"
295,3,3,4,334,"Mid-Value"
296,4,1,2,412,"High-Value"
297,4,1,3,413,"High-Value"
298,4,4,4,444,"High-Value"
299,1,3,4,134,"Low-Value"
300,1,2,3,123,"Low-Value"
301,1,1,1,111,"Low-Value"
302,1,1,1,111,"Low-Value"
303,3,1,3,313,"Mid-Value"
304,2,4,2,242,"Mid-Value"
305,3,3,2,332,"Mid-Value"
306,1,1,1,111,"Low-Value"
307,4,4,3,443,"High-Value"
308,3,3,3,333,"Mid-Value"
309,4,1,2,412,"High-Value"
310,4,3,4,434,"High-Value"
311,2,3,3,233,"Mid-Value"
312,4,2,4,424,"High-Value"
313,4,3,3,433,"High-Value"
314,3,4,3,343,"High-Value"
315,3,4,2,342,"High-Value"
316,4,1,2,412,"High-Value"
317,2,1,2,212,"Low-Value"
318,4,3,3,433,"High-Value"
319,2,2,3,223,"Mid-Value"
320,4,4,4,444,"High-Value"
321,4,2,2,422,"High-Value"
322,4,4,4,444,"High-Value"
323,3,3,2,332,"Mid-Value"
324,3,2,1,321,"Mid-Value"
325,1,3,4,134,"Low-Value"
326,1,1,1,111,"Low-Value"
327,4,2,3,423,"High-Value"
328,4,4,2,442,"High-Value"
329,3,3,3,333,"Mid-Value"
330,1,3,4,134,"Low-Value"
331,2,3,4,234,"Mid-Value"
332,1,1,1,111,"Low-Value"
333,3,3,3,333,"Mid-Value"
334,2,3,2,232,"Mid-Value"
335,3,1,1,311,"Mid-Value"
336,2,2,2,222,"Mid-Value"
337,3,3,3,333,"Mid-Value"
338,4,3,2,432,"High-Value"
339,2,2,4,224,"Mid-Value"
340,3,4,2,342,"High-Value"
341,1,1,1,111,"Low-Value"
342,1,1,1,111,"Low-Value"
343,1,4,4,144,"Low-Value"
344,4,4,4,444,"High-Value"
345,3,3,3,333,"Mid-Value"
346,4,4,4,444,"High-Value"
347,2,3,4,234,"Mid-Value"
348,1,3,2,132,"Low-Value"
349,1,2,1,121,"Low-Value"
350,4,3,1,431,"High-Value"
351,4,1,1,411,"High-Value"
352,3,3,4,334,"Mid-Value"
353,3,4,4,344,"High-Value"
354,2,3,3,233,"Mid-Value"
355,3,2,2,322,"Mid-Value"
356,2,2,2,222,"Mid-Value"
357,4,4,4,444,"High-Value"
358,2,1,1,211,"Low-Value"
359,4,4,3,443,"High-Value"
360,4,2,4,424,"High-Value"
361,1,3,3,133,"Low-Value"
362,1,1,1,111,"Low-Value"
363,4,3,4,434,"High-Value"
364,4,3,3,433,"High-Value"
365,2,3,4,234,"Mid-Value"
366,1,3,2,132,"Low-Value"
367,3,2,2,322,"Mid-Value"
368,4,4,3,443,"High-Value"
369,1,4,3,143,"Low-Value"
370,1,3,3,133,"Low-Value"
371,4,2,4,424,"High-Value"
372,3,4,2,342,"High-Value"
373,1,1,1,111,"Low-Value"
374,4,3,4,434,"High-Value"
375,1,1,1,111,"Low-Value"
376,3,1,1,311,"Mid-Value"
377,4,4,4,444,"High-Value"
378,1,3,3,133,"Low-Value"
379,1,1,1,111,"Low-Value"
380,3,4,4,344,"High-Value"
381,4,4,4,444,"High-Value"
382,3,3,1,331,"Mid-Value"
383,2,1,1,211,"Low-Value"
384,2,2,3,223,"Mid-Value"
385,2,4,4,244,"Mid-Value"
386,2,2,2,222,"Mid-Value"
387,3,1,3,313,"Mid-Value"
388,2,1,2,212,"Low-Value"
389,1,3,2,132,"Low-Value"
390,2,2,1,221,"Low-Value"
391,2,1,1,211,"Low-Value"
392,1,3,4,134,"Low-Value"
393,1,1,1,111,"Low-Value"
394,3,4,4,344,"High-Value"
395,3,3,3,333,"Mid-Value"
396,3,3,4,334,"Mid-Value"
397,3,2,2,322,"Mid-Value"
398,4,3,1,431,"High-Value"
399,2,3,4,234,"Mid-Value"
400,1,2,2,122,"Low-Value"
401,3,3,3,333,"Mid-Value"
402,2,3,4,234,"Mid-Value"
403,2,2,2,222,"Mid-Value"
404,4,4,4,444,"High-Value"
405,4,3,3,433,"High-Value"
406,1,2,3,123,"Low-Value"
407,4,4,3,443,"High-Value"
408,4,2,3,423,"High-Value"
409,4,1,2,412,"High-Value"
410,4,3,2,432,"High-Value"
411,1,2,2,122,"Low-Value"
412,3,1,1,311,"Mid-Value"
413,1,2,3,123,"Low-Value"
414,2,3,2,232,"Mid-Value"
415,1,1,1,111,"Low-Value"
416,1,2,3,123,"Low-Value"
417,2,3,3,233,"Mid-Value"
418,3,3,3,333,"Mid-Value"
419,4,3,4,434,"High-Value"
420,2,4,3,243,"Mid-Value"
421,2,3,3,233,"Mid-Value"
422,1,1,2,112,"Low-Value"
423,1,2,1,121,"Low-Value"
424,2,3,4,234,"Mid-Value"
425,3,3,4,334,"Mid-Value"
426,2,4,4,244,"Mid-Value"
427,1,1,2,112,"Low-Value"
428,2,4,3,243,"Mid-Value"
429,4,4,3,443,"High-Value"
430,2,3,4,234,"Mid-Value"
431,1,1,1,111,"Low-Value"
432,3,4,4,344,"High-Value"
433,4,4,3,443,"High-Value"
434,1,1,1,111,"Low-Value"
435,1,1,4,114,"Low-Value"
436,2,1,2,212,"Low-Value"
437,2,3,3,233,"Mid-Value"
438,2,4,4,244,"Mid-Value"
439,1,2,2,122,"Low-Value"
440,4,4,2,442,"High-Value"
441,2,1,1,211,"Low-Value"
442,4,3,2,432,"High-Value"
443,1,3,3,133,"Low-Value"
444,3,3,3,333,"Mid-Value"
445,3,4,4,344,"High-Value"
446,2,4,4,244,"Mid-Value"
447,4,2,2,422,"High-Value"
448,1,1,2,112,"Low-Value"
449,1,3,3,133,"Low-Value"
450,2,1,3,213,"Low-Value"
451,2,3,2,232,"Mid-Value"
452,3,2,1,321,"Mid-Value"
453,3,4,2,342,"High-Value"
454,2,3,4,234,"Mid-Value"
455,2,1,1,211,"Low-Value"
456,1,2,2,122,"Low-Value"
457,1,2,3,123,"Low-Value"
458,3,2,1,321,"Mid-Value"
459,3,2,2,322,"Mid-Value"
460,2,1,2,212,"Low-Value"
461,3,4,4,344,"High-Value"
462,1,3,3,133,"Low-Value"
463,2,3,3,233,"Mid-Value"
464,4,3,2,432,"High-Value"
465,4,3,3,433,"High-Value"
466,3,3,3,333,"Mid-Value"
467,1,3,3,133,"Low-Value"
468,1,3,3,133,"Low-Value"
469,1,4,4,144,"Low-Value"
470,4,3,2,432,"High-Value"
471,2,3,3,233,"Mid-Value"
472,2,2,3,223,"Mid-Value"
473,1,4,4,144,"Low-Value"
474,1,1,1,111,"Low-Value"
475,3,3,3,333,"Mid-Value"
476,4,1,1,411,"High-Value"
477,3,2,3,323,"Mid-Value"
478,4,4,3,443,"High-Value"
479,2,4,3,243,"Mid-Value"
480,4,1,1,411,"High-Value"
481,4,1,1,411,"High-Value"
482,2,4,4,244,"Mid-Value"
483,3,3,2,332,"Mid-Value"
484,3,2,1,321,"Mid-Value"
485,4,3,2,432,"High-Value"
486,1,2,4,124,"Low-Value"
487,1,1,1,111,"Low-Value"
488,3,3,1,331,"Mid-Value"
489,1,2,2,122,"Low-Value"
490,2,4,4,244,"Mid-Value"
491,2,3,2,232,"Mid-Value"
492,1,1,2,112,"Low-Value"
493,2,1,1,211,"Low-Value"
494,1,1,1,111,"Low-Value"
495,1,3,3,133,"Low-Value"
496,3,1,1,311,"Mid-Value"
497,2,1,1,211,"Low-Value"
498,4,3,4,434,"High-Value"
499,2,4,3,243,"Mid-Value"
500,3,4,3,343,"High-Value"
501,1,1,1,111,"Low-Value"
502,1,1,2,112,"Low-Value"
503,2,1,1,211,"Low-Value"
504,1,4,2,142,"Low-Value"
505,4,2,3,423,"High-Value"
506,2,4,4,244,"Mid-Value"
507,3,3,4,334,"Mid-Value"
508,1,1,2,112,"Low-Value"
509,1,3,4,134,"Low-Value"
510,2,1,1,211,"Low-Value"
511,4,2,2,422,"High-Value"
512,1,1,1,111,"Low-Value"
513,4,2,4,424,"High-Value"
514,1,2,2,122,"Low-Value"
515,4,4,4,444,"High-Value"
516,3,4,4,344,"High-Value"
517,4,3,2,432,"High-Value"
518,1,1,1,111,"Low-Value"
519,2,1,2,212,"Low-Value"
520,4,2,1,421,"High-Value"
521,1,1,1,111,"Low-Value"
522,3,1,1,311,"Mid-Value"
523,4,3,2,432,"High-Value"
524,1,3,2,132,"Low-Value"
525,1,4,3,143,"Low-Value"
526,1,1,1,111,"Low-Value"
527,3,1,1,311,"Mid-Value"
528,1,3,4,134,"Low-Value"
529,4,3,2,432,"High-Value"
530,1,1,1,111,"Low-Value"
531,2,2,1,221,"Low-Value"
532,3,2,3,323,"Mid-Value"
533,4,3,4,434,"High-Value"
534,4,4,4,444,"High-Value"
535,2,1,1,211,"Low-Value"
536,3,1,3,313,"Mid-Value"
537,2,1,1,211,"Low-Value"
538,4,3,4,434,"High-Value"
539,3,4,1,341,"High-Value"
540,2,3,2,232,"Mid-Value"
541,1,2,2,122,"Low-Value"
542,3,3,2,332,"Mid-Value"
543,4,2,2,422,"High-Value"
544,1,1,2,112,"Low-Value"
545,4,3,4,434,"High-Value"
546,3,2,4,324,"Mid-Value"
547,2,3,3,233,"Mid-Value"
548,4,3,4,434,"High-Value"
549,3,4,3,343,"High-Value"
550,4,2,1,421,"High-Value"
551,1,1,3,113,"Low-Value"
552,1,1,1,111,"Low-Value"
553,3,3,2,332,"Mid-Value"
554,3,1,1,311,"Mid-Value"
555,1,1,3,113,"Low-Value"
556,4,2,3,423,"High-Value"
557,1,1,1,111,"Low-Value"
558,3,3,3,333,"Mid-Value"
559,4,1,2,412,"High-Value"
560,3,3,3,333,"Mid-Value"
561,3,3,3,333,"Mid-Value"
562,3,2,2,322,"Mid-Value"
563,3,3,2,332,"Mid-Value"
564,4,3,2,432,"High-Value"
565,1,4,4,144,"Low-Value"
566,2,1,2,212,"Low-Value"
567,2,1,1,211,"Low-Value"
568,1,3,1,131,"Low-Value"
569,1,1,4,114,"Low-Value"
570,3,3,3,333,"Mid-Value"
571,2,1,2,212,"Low-Value"
572,4,3,2,432,"High-Value"
573,1,1,1,111,"Low-Value"
574,1,1,2,112,"Low-Value"
575,1,1,1,111,"Low-Value"
576,4,3,4,434,"High-Value"
577,4,4,4,444,"High-Value"
578,1,3,2,132,"Low-Value"
579,2,4,4,244,"Mid-Value"
580,3,2,2,322,"Mid-Value"
581,2,1,2,212,"Low-Value"
582,1,1,2,112,"Low-Value"
583,3,1,2,312,"Mid-Value"
584,1,1,1,111,"Low-Value"
585,1,3,2,132,"Low-Value"
586,1,1,2,112,"Low-Value"
587,2,3,3,233,"Mid-Value"
588,3,2,3,323,"Mid-Value"
589,4,1,1,411,"High-Value"
590,3,4,4,344,"High-Value"
591,1,1,1,111,"Low-Value"
592,1,1,1,111,"Low-Value"
593,4,3,3,433,"High-Value"
594,3,4,4,344,"High-Value"
595,1,1,2,112,"Low-Value"
596,2,1,3,213,"Low-Value"
597,2,2,2,222,"Mid-Value"
598,1,3,3,133,"Low-Value"
599,1,2,4,124,"Low-Value"
600,1,1,2,112,"Low-Value"
601,2,2,1,221,"Low-Value"
602,2,2,2,222,"Mid-Value"
603,2,3,3,233,"Mid-Value"
604,2,3,4,234,"Mid-Value"
605,4,4,4,444,"High-Value"
606,2,3,2,232,"Mid-Value"
607,2,4,4,244,"Mid-Value"
608,2,4,3,243,"Mid-Value"
609,3,1,2,312,"Mid-Value"
610,2,4,3,243,"Mid-Value"
611,4,4,3,443,"High-Value"
612,4,1,2,412,"High-Value"
613,4,3,2,432,"High-Value"
614,4,4,4,444,"High-Value"
615,3,1,3,313,"Mid-Value"
616,1,1,1,111,"Low-Value"
617,3,1,2,312,"Mid-Value"
618,1,1,1,111,"Low-Value"
619,2,3,3,233,"Mid-Value"
620,1,4,2,142,"Low-Value"
621,4,4,4,444,"High-Value"
622,1,1,1,111,"Low-Value"
623,1,1,1,111,"Low-Value"
624,1,1,3,113,"Low-Value"
625,4,3,2,432,"High-Value"
626,2,4,3,243,"Mid-Value"
627,2,2,4,224,"Mid-Value"
628,2,2,1,221,"Low-Value"
629,2,4,2,242,"Mid-Value"
630,2,3,3,233,"Mid-Value"
631,4,3,1,431,"High-Value"
632,3,1,1,311,"Mid-Value"
633,4,3,3,433,"High-Value"
634,4,3,3,433,"High-Value"
635,3,3,1,331,"Mid-Value"
636,3,3,4,334,"Mid-Value"
637,4,4,4,444,"High-Value"
638,2,4,3,243,"Mid-Value"
639,4,3,2,432,"High-Value"
640,4,4,4,444,"High-Value"
641,1,1,2,112,"Low-Value"
642,3,3,2,332,"Mid-Value"
643,1,1,2,112,"Low-Value"
644,1,1,1,111,"Low-Value"
645,1,3,4,134,"Low-Value"
646,1,1,2,112,"Low-Value"
647,3,4,4,344,"High-Value"
648,2,3,4,234,"Mid-Value"
649,4,2,1,421,"High-Value"
650,2,3,3,233,"Mid-Value"
651,4,1,3,413,"High-Value"
652,4,4,2,442,"High-Value"
653,3,2,2,322,"Mid-Value"
654,3,1,1,311,"Mid-Value"
655,2,3,4,234,"Mid-Value"
656,4,4,3,443,"High-Value"
657,2,3,2,232,"Mid-Value"
658,1,2,2,122,"Low-Value"
659,1,1,2,112,"Low-Value"
660,4,1,3,413,"High-Value"
661,3,3,3,333,"Mid-Value"
662,2,3,3,233,"Mid-Value"
663,2,1,2,212,"Low-Value"
664,2,1,1,211,"Low-Value"
665,2,3,4,234,"Mid-Value"
666,3,2,2,322,"Mid-Value"
667,3,2,3,323,"Mid-Value"
668,4,3,4,434,"High-Value"
669,4,4,4,444,"High-Value"
670,1,1,1,111,"Low-Value"
671,2,3,4,234,"Mid-Value"
672,2,1,3,213,"Low-Value"
673,4,2,2,422,"High-Value"
674,1,3,3,133,"Low-Value"
675,4,1,1,411,"High-Value"
676,3,3,3,333,"Mid-Value"
677,2,2,1,221,"Low-Value"
678,1,1,1,111,"Low-Value"
679,2,4,3,243,"Mid-Value"
680,4,1,3,413,"High-Value"
681,4,3,2,432,"High-Value"
682,3,3,4,334,"Mid-Value"
683,4,2,1,421,"High-Value"
684,3,4,2,342,"High-Value"
685,1,3,4,134,"Low-Value"
686,3,2,2,322,"Mid-Value"
687,4,3,1,431,"High-Value"
688,2,1,3,213,"Low-Value"
689,4,1,1,411,"High-Value"
690,2,2,3,223,"Mid-Value"
691,3,4,4,344,"High-Value"
692,2,4,4,244,"Mid-Value"
693,4,2,3,423,"High-Value"
694,4,2,2,422,"High-Value"
695,4,4,4,444,"High-Value"
696,3,3,2,332,"Mid-Value"
697,4,1,3,413,"High-Value"
698,2,1,1,211,"Low-Value"
699,2,1,1,211,"Low-Value"
700,1,4,4,144,"Low-Value"
701,3,3,2,332,"Mid-Value"
702,2,1,2,212,"Low-Value"
703,4,2,4,424,"High-Value"
704,4,4,3,443,"High-Value"
705,4,1,1,411,"High-Value"
706,3,3,4,334,"Mid-Value"
707,3,3,3,333,"Mid-Value"
708,1,1,2,112,"Low-Value"
709,1,2,3,123,"Low-Value"
710,3,3,4,334,"Mid-Value"
711,2,1,2,212,"Low-Value"
712,2,4,4,244,"Mid-Value"
713,1,1,2,112,"Low-Value"
714,2,4,3,243,"Mid-Value"
715,1,1,2,112,"Low-Value"
716,4,3,3,433,"High-Value"
717,4,3,2,432,"High-Value"
718,3,4,2,342,"High-Value"
719,4,4,4,444,"High-Value"
720,3,4,4,344,"High-Value"
721,4,3,4,434,"High-Value"
722,2,2,3,223,"Mid-Value"
723,4,4,3,443,"High-Value"
724,3,4,4,344,"High-Value"
725,4,4,4,444,"High-Value"
726,2,1,3,213,"Low-Value"
727,2,3,3,233,"Mid-Value"
728,3,4,4,344,"High-Value"
729,4,4,4,444,"High-Value"
730,4,3,3,433,"High-Value"
731,1,1,2,112,"Low-Value"
732,2,2,3,223,"Mid-Value"
733,2,4,4,244,"Mid-Value"
734,1,1,1,111,"Low-Value"
735,2,1,3,213,"Low-Value"
736,4,2,3,423,"High-Value"
737,2,3,4,234,"Mid-Value"
738,2,4,4,244,"Mid-Value"
739,4,4,4,444,"High-Value"
740,2,1,2,212,"Low-Value"
741,1,2,1,121,"Low-Value"
742,4,3,1,431,"High-Value"
743,1,1,3,113,"Low-Value"
744,3,2,1,321,"Mid-Value"
745,4,1,2,412,"High-Value"
746,3,3,1,331,"Mid-Value"
747,3,1,1,311,"Mid-Value"
748,2,4,3,243,"Mid-Value"
749,2,4,2,242,"Mid-Value"
750,2,3,4,234,"Mid-Value"
751,1,1,1,111,"Low-Value"
752,3,4,3,343,"High-Value"
754,1,1,1,111,"Low-Value"
755,1,1,1,111,"Low-Value"
756,3,3,2,332,"Mid-Value"
757,2,2,3,223,"Mid-Value"
758,3,1,1,311,"Mid-Value"
759,3,4,2,342,"High-Value"
760,3,4,4,344,"High-Value"
761,1,2,2,122,"Low-Value"
762,2,2,2,222,"Mid-Value"
763,2,3,3,233,"Mid-Value"
764,2,1,1,211,"Low-Value"
765,3,4,4,344,"High-Value"
766,4,3,2,432,"High-Value"
767,3,2,2,322,"Mid-Value"
768,4,4,4,444,"High-Value"
769,3,4,4,344,"High-Value"
770,2,3,4,234,"Mid-Value"
771,1,3,3,133,"Low-Value"
772,4,3,4,434,"High-Value"
773,2,4,4,244,"Mid-Value"
774,1,1,1,111,"Low-Value"
775,2,3,3,233,"Mid-Value"
776,4,4,2,442,"High-Value"
777,3,3,3,333,"Mid-Value"
778,1,1,1,111,"Low-Value"
779,2,1,1,211,"Low-Value"
780,1,1,1,111,"Low-Value"
781,1,2,2,122,"Low-Value"
782,3,3,3,333,"Mid-Value"
783,1,2,3,123,"Low-Value"
784,1,1,1,111,"Low-Value"
785,4,3,2,432,"High-Value"
786,4,3,3,433,"High-Value"
787,2,4,4,244,"Mid-Value"
788,3,2,2,322,"Mid-Value"
789,4,4,3,443,"High-Value"
790,4,4,4,444,"High-Value"
791,1,3,3,133,"Low-Value"
792,4,3,3,433,"High-Value"
793,4,4,4,444,"High-Value"
794,3,3,4,334,"Mid-Value"
795,4,2,2,422,"High-Value"
796,4,3,3,433,"High-Value"
797,3,1,2,312,"Mid-Value"
798,3,1,1,311,"Mid-Value"
799,4,4,4,444,"High-Value"
800,2,3,3,233,"Mid-Value"
801,1,1,1,111,"Low-Value"
802,1,3,3,133,"Low-Value"
803,2,3,1,231,"Mid-Value"
804,3,1,3,313,"Mid-Value"
805,1,3,2,132,"Low-Value"
806,3,1,2,312,"Mid-Value"
807,2,1,2,212,"Low-Value"
808,1,1,2,112,"Low-Value"
809,3,1,1,311,"Mid-Value"
810,2,1,1,211,"Low-Value"
811,1,1,1,111,"Low-Value"
812,1,1,1,111,"Low-Value"
813,2,2,1,221,"Low-Value"
814,2,1,2,212,"Low-Value"
815,3,3,4,334,"Mid-Value"
816,2,1,1,211,"Low-Value"
817,4,2,2,422,"High-Value"
818,3,3,3,333,"Mid-Value"
819,3,2,2,322,"Mid-Value"
820,4,4,4,444,"High-Value"
821,3,2,3,323,"Mid-Value"
822,1,1,1,111,"Low-Value"
823,3,3,4,334,"Mid-Value"
824,4,1,4,414,"High-Value"
825,4,3,1,431,"High-Value"
826,4,1,1,411,"High-Value"
827,2,4,3,243,"Mid-Value"
828,2,2,1,221,"Low-Value"
829,4,3,4,434,"High-Value"
830,1,3,2,132,"Low-Value"
831,4,2,2,422,"High-Value"
832,4,4,4,444,"High-Value"
833,3,4,4,344,"High-Value"
834,4,1,1,411,"High-Value"
835,4,4,3,443,"High-Value"
836,2,1,1,211,"Low-Value"
837,1,1,1,111,"Low-Value"
838,3,1,2,312,"Mid-Value"
839,1,1,1,111,"Low-Value"
840,3,3,3,333,"Mid-Value"
841,1,3,4,134,"Low-Value"
842,2,1,1,211,"Low-Value"
843,4,3,2,432,"High-Value"
844,3,4,4,344,"High-Value"
845,1,1,1,111,"Low-Value"
846,2,1,2,212,"Low-Value"
847,1,1,2,112,"Low-Value"
848,1,1,2,112,"Low-Value"
849,3,3,4,334,"Mid-Value"
850,3,4,3,343,"High-Value"
851,4,1,3,413,"High-Value"
853,2,4,4,244,"Mid-Value"
854,4,1,2,412,"High-Value"
855,1,1,3,113,"Low-Value"
856,4,3,3,433,"High-Value"
857,3,2,3,323,"Mid-Value"
858,4,3,2,432,"High-Value"
859,4,3,2,432,"High-Value"
860,1,1,3,113,"Low-Value"
861,2,2,1,221,"Low-Value"
862,2,1,1,211,"Low-Value"
863,2,1,1,211,"Low-Value"
864,2,3,4,234,"Mid-Value"
865,1,3,4,134,"Low-Value"
866,1,2,4,124,"Low-Value"
867,1,2,4,124,"Low-Value"
868,2,3,4,234,"Mid-Value"
870,1,3,3,133,"Low-Value"
871,2,4,3,243,"Mid-Value"
872,1,1,1,111,"Low-Value"
873,3,2,3,323,"Mid-Value"
874,2,4,2,242,"Mid-Value"
875,2,3,4,234,"Mid-Value"
876,4,1,1,411,"High-Value"
877,4,4,4,444,"High-Value"
878,2,1,3,213,"Low-Value"
879,2,1,1,211,"Low-Value"
880,2,1,1,211,"Low-Value"
881,1,1,2,112,"Low-Value"
882,1,2,4,124,"Low-Value"
883,2,1,1,211,"Low-Value"
884,4,2,2,422,"High-Value"
885,4,1,1,411,"High-Value"
886,4,3,3,433,"High-Value"
887,3,4,4,344,"High-Value"
888,2,2,2,222,"Mid-Value"
889,3,2,2,322,"Mid-Value"
890,1,1,1,111,"Low-Value"
891,4,2,2,422,"High-Value"
892,1,4,3,143,"Low-Value"
893,2,3,4,234,"Mid-Value"
894,2,4,3,243,"Mid-Value"
895,2,1,2,212,"Low-Value"
896,3,1,1,311,"Mid-Value"
897,1,3,3,133,"Low-Value"
898,1,1,1,111,"Low-Value"
899,2,3,1,231,"Mid-Value"
900,4,1,1,411,"High-Value"
901,2,1,3,213,"Low-Value"
902,4,4,4,444,"High-Value"
903,4,4,3,443,"High-Value"
904,3,1,1,311,"Mid-Value"
905,1,4,3,143,"Low-Value"
906,4,4,4,444,"High-Value"
907,3,3,1,331,"Mid-Value"
908,4,3,3,433,"High-Value"
909,1,2,4,124,"Low-Value"
910,1,1,1,111,"Low-Value"
911,2,2,1,221,"Low-Value"
912,3,3,4,334,"Mid-Value"
913,1,1,2,112,"Low-Value"
914,1,2,2,122,"Low-Value"
915,3,2,1,321,"Mid-Value"
916,3,1,3,313,"Mid-Value"
917,3,4,4,344,"High-Value"
918,4,2,3,423,"High-Value"
919,2,4,4,244,"Mid-Value"
920,1,3,4,134,"Low-Value"
921,3,3,4,334,"Mid-Value"
922,1,1,1,111,"Low-Value"
923,3,3,3,333,"Mid-Value"
924,1,4,3,143,"Low-Value"
925,4,4,4,444,"High-Value"
926,4,3,1,431,"High-Value"
927,1,1,2,112,"Low-Value"
928,4,4,3,443,"High-Value"
929,2,2,2,222,"Mid-Value"
930,1,1,1,111,"Low-Value"
931,2,2,3,223,"Mid-Value"
932,4,3,2,432,"High-Value"
933,4,2,3,423,"High-Value"
934,4,3,4,434,"High-Value"
935,2,3,4,234,"Mid-Value"
936,3,4,4,344,"High-Value"
937,4,2,2,422,"High-Value"
938,2,4,4,244,"Mid-Value"
939,3,1,2,312,"Mid-Value"
940,2,2,3,223,"Mid-Value"
941,3,4,4,344,"High-Value"
942,1,1,2,112,"Low-Value"
943,1,3,4,134,"Low-Value"
944,1,3,2,132,"Low-Value"
945,4,3,3,433,"High-Value"
946,4,4,4,444,"High-Value"
947,2,2,3,223,"Mid-Value"
948,1,1,1,111,"Low-Value"
949,1,3,3,133,"Low-Value"
950,3,3,3,333,"Mid-Value"
951,4,3,1,431,"High-Value"
952,2,2,3,223,"Mid-Value"
953,4,4,4,444,"High-Value"
954,1,1,3,113,"Low-Value"
955,4,3,1,431,"High-Value"
956,1,1,1,111,"Low-Value"
957,3,2,2,322,"Mid-Value"
958,3,3,2,332,"Mid-Value"
959,2,3,2,232,"Mid-Value"
960,2,1,3,213,"Low-Value"
961,2,1,1,211,"Low-Value"
962,4,3,2,432,"High-Value"
963,2,4,4,244,"Mid-Value"
964,4,2,2,422,"High-Value"
965,2,1,3,213,"Low-Value"
966,4,1,1,411,"High-Value"
967,2,1,3,213,"Low-Value"
968,3,3,4,334,"Mid-Value"
969,4,2,2,422,"High-Value"
970,3,2,3,323,"Mid-Value"
971,2,2,3,223,"Mid-Value"
972,1,1,2,112,"Low-Value"
973,4,4,4,444,"High-Value"
974,4,3,3,433,"High-Value"
975,4,4,3,443,"High-Value"
976,1,3,3,133,"Low-Value"
977,3,2,2,322,"Mid-Value"
978,1,2,3,123,"Low-Value"
979,4,2,3,423,"High-Value"
980,1,1,2,112,"Low-Value"
981,3,3,3,333,"Mid-Value"
982,2,3,1,231,"Mid-Value"
983,4,4,4,444,"High-Value"
984,2,4,2,242,"Mid-Value"
985,4,1,1,411,"High-Value"
986,2,4,4,244,"Mid-Value"
987,3,4,4,344,"High-Value"
988,1,1,1,111,"Low-Value"
989,3,1,3,313,"Mid-Value"
990,4,3,2,432,"High-Value"
991,1,3,2,132,"Low-Value"
992,1,1,1,111,"Low-Value"
993,4,4,2,442,"High-Value"
994,3,2,2,322,"Mid-Value"
995,4,3,4,434,"High-Value"
996,2,2,4,224,"Mid-Value"
997,2,3,3,233,"Mid-Value"
998,1,1,1,111,"Low-Value"
999,2,4,4,244,"Mid-Value"
1000,4,4,4,444,"High-Value"
1001,3,3,3,333,"Mid-Value"
1002,1,1,2,112,"Low-Value"
1003,2,4,4,244,"Mid-Value"
1004,1,3,3,133,"Low-Value"
1005,1,2,4,124,"Low-Value"
1006,3,4,4,344,"High-Value"
1007,3,3,3,333,"Mid-Value"
1008,4,1,2,412,"High-Value"
1009,2,1,2,212,"Low-Value"
1010,1,1,1,111,"Low-Value"
1011,1,1,1,111,"Low-Value"
1012,4,1,2,412,"High-Value"
1013,1,3,2,132,"Low-Value"
1014,4,3,3,433,"High-Value"
1015,3,3,2,332,"Mid-Value"
1016,2,3,1,231,"Mid-Value"
1017,1,1,3,113,"Low-Value"
1018,3,2,2,322,"Mid-Value"
1019,3,2,3,323,"Mid-Value"
1020,1,1,1,111,"Low-Value"
1021,3,4,4,344,"High-Value"
1022,2,2,4,224,"Mid-Value"
1023,1,1,1,111,"Low-Value"
1024,3,4,4,344,"High-Value"
1025,2,4,2,242,"Mid-Value"
1026,3,3,1,331,"Mid-Value"
1027,3,3,1,331,"Mid-Value"
1028,4,3,4,434,"High-Value"
1029,3,3,3,333,"Mid-Value"
1030,3,4,4,344,"High-Value"
1031,2,1,1,211,"Low-Value"
1032,3,4,3,343,"High-Value"
1033,4,4,4,444,"High-Value"
1034,1,1,1,111,"Low-Value"
1035,4,1,1,411,"High-Value"
1036,1,2,3,123,"Low-Value"
1037,2,4,2,242,"Mid-Value"
1038,4,1,2,412,"High-Value"
1039,2,3,4,234,"Mid-Value"
1040,1,1,1,111,"Low-Value"
1041,3,1,2,312,"Mid-Value"
1042,3,1,2,312,"Mid-Value"
1043,1,4,4,144,"Low-Value"
1044,1,2,2,122,"Low-Value"
1045,1,1,2,112,"Low-Value"
1046,2,2,2,222,"Mid-Value"
1047,2,3,2,232,"Mid-Value"
1048,1,3,3,133,"Low-Value"
1049,3,4,4,344,"High-Value"
1050,3,3,2,332,"Mid-Value"
1051,1,2,1,121,"Low-Value"
1052,4,3,3,433,"High-Value"
1053,1,1,1,111,"Low-Value"
1054,4,4,3,443,"High-Value"
1055,1,1,1,111,"Low-Value"
1056,3,3,3,333,"Mid-Value"
1057,1,1,2,112,"Low-Value"
1058,1,1,1,111,"Low-Value"
1059,3,1,1,311,"Mid-Value"
1060,1,3,2,132,"Low-Value"
1061,3,3,1,331,"Mid-Value"
1062,4,3,4,434,"High-Value"
1063,2,3,3,233,"Mid-Value"
1064,1,1,1,111,"Low-Value"
1065,2,3,2,232,"Mid-Value"
1066,1,1,1,111,"Low-Value"
1067,1,1,1,111,"Low-Value"
1068,4,4,4,444,"High-Value"
1069,1,2,2,122,"Low-Value"
1070,4,1,3,413,"High-Value"
1071,3,3,3,333,"Mid-Value"
1072,2,1,2,212,"Low-Value"
1073,4,3,2,432,"High-Value"
1074,4,4,3,443,"High-Value"
1075,2,3,2,232,"Mid-Value"
1076,4,4,4,444,"High-Value"
1077,4,3,1,431,"High-Value"
1078,4,2,1,421,"High-Value"
1079,4,1,2,412,"High-Value"
1080,2,1,2,212,"Low-Value"
1081,4,2,3,423,"High-Value"
1082,2,2,3,223,"Mid-Value"
1083,1,1,1,111,"Low-Value"
1084,4,4,4,444,"High-Value"
1085,2,1,1,211,"Low-Value"
1086,4,4,4,444,"High-Value"
1087,4,1,1,411,"High-Value"
1088,4,3,3,433,"High-Value"
1089,1,3,2,132,"Low-Value"
1090,2,3,1,231,"Mid-Value"
1091,4,4,4,444,"High-Value"
1092,1,2,1,121,"Low-Value"
1093,1,4,4,144,"Low-Value"
1094,3,3,3,333,"Mid-Value"
1095,4,1,4,414,"High-Value"
1096,2,2,2,222,"Mid-Value"
1097,1,1,1,111,"Low-Value"
1098,4,4,3,443,"High-Value"
1099,1,1,1,111,"Low-Value"
1100,3,1,1,311,"Mid-Value"
1101,1,2,4,124,"Low-Value"
1102,3,4,4,344,"High-Value"
1103,3,4,4,344,"High-Value"
1104,4,3,2,432,"High-Value"
1105,4,1,2,412,"High-Value"
1106,3,4,4,344,"High-Value"
1107,2,2,2,222,"Mid-Value"
1108,4,1,1,411,"High-Value"
1109,1,1,1,111,"Low-Value"
1110,4,3,4,434,"High-Value"
1111,3,3,2,332,"Mid-Value"
1112,1,1,1,111,"Low-Value"
1113,3,4,4,344,"High-Value"
1114,2,1,1,211,"Low-Value"
1115,4,4,4,444,"High-Value"
1116,4,1,3,413,"High-Value"
1117,1,4,3,143,"Low-Value"
1118,3,1,2,312,"Mid-Value"
1119,1,3,4,134,"Low-Value"
1120,4,2,1,421,"High-Value"
1121,4,1,1,411,"High-Value"
1122,3,2,3,323,"Mid-Value"
1123,4,2,4,424,"High-Value"
1124,3,1,2,312,"Mid-Value"
1125,3,2,3,323,"Mid-Value"
1126,3,1,2,312,"Mid-Value"
1127,1,1,2,112,"Low-Value"
1128,3,2,3,323,"Mid-Value"
1129,3,4,4,344,"High-Value"
1130,1,2,3,123,"Low-Value"
1131,2,3,4,234,"Mid-Value"
1132,3,4,3,343,"High-Value"
1133,2,2,4,224,"Mid-Value"
1134,4,3,1,431,"High-Value"
1135,1,1,1,111,"Low-Value"
1136,3,2,3,323,"Mid-Value"
1137,4,4,4,444,"High-Value"
1138,1,3,4,134,"Low-Value"
1139,2,1,1,211,"Low-Value"
1140,4,4,4,444,"High-Value"
1141,1,2,1,121,"Low-Value"
1142,3,1,2,312,"Mid-Value"
1143,4,2,3,423,"High-Value"
1144,4,3,4,434,"High-Value"
1145,4,1,1,411,"High-Value"
1146,2,1,1,211,"Low-Value"
1147,1,3,4,134,"Low-Value"
1148,4,1,1,411,"High-Value"
1149,1,1,2,112,"Low-Value"
1150,1,2,4,124,"Low-Value"
1151,2,2,3,223,"Mid-Value"
1152,3,4,4,344,"High-Value"
1153,4,2,2,422,"High-Value"
1154,1,3,1,131,"Low-Value"
1155,3,3,2,332,"Mid-Value"
1156,3,1,2,312,"Mid-Value"
1157,2,3,4,234,"Mid-Value"
1158,4,3,4,434,"High-Value"
1159,4,1,2,412,"High-Value"
1160,1,1,1,111,"Low-Value"
1161,4,1,2,412,"High-Value"
1162,1,1,1,111,"Low-Value"
1163,2,2,1,221,"Low-Value"
1164,1,1,1,111,"Low-Value"
1165,4,4,3,443,"High-Value"
1166,4,3,2,432,"High-Value"
1167,4,1,2,412,"High-Value"
1168,2,3,4,234,"Mid-Value"
1169,2,3,4,234,"Mid-Value"
1170,2,2,3,223,"Mid-Value"
1171,3,4,3,343,"High-Value"
1172,3,2,3,323,"Mid-Value"
1173,1,1,1,111,"Low-Value"
1174,4,1,2,412,"High-Value"
1175,1,1,1,111,"Low-Value"
1176,2,1,1,211,"Low-Value"
1177,2,4,2,242,"Mid-Value"
1178,3,4,4,344,"High-Value"
1179,4,1,4,414,"High-Value"
1180,2,1,2,212,"Low-Value"
1181,3,4,4,344,"High-Value"
1182,4,3,3,433,"High-Value"
1183,1,2,4,124,"Low-Value"
1184,4,3,4,434,"High-Value"
1185,4,1,1,411,"High-Value"
1186,3,3,2,332,"Mid-Value"
1187,2,1,1,211,"Low-Value"
1188,4,1,2,412,"High-Value"
1189,2,1,1,211,"Low-Value"
1190,4,3,2,432,"High-Value"
1191,3,4,1,341,"High-Value"
1192,2,2,1,221,"Low-Value"
1193,3,1,1,311,"Mid-Value"
1194,3,4,4,344,"High-Value"
1195,3,2,3,323,"Mid-Value"
1196,4,3,1,431,"High-Value"
1197,4,1,1,411,"High-Value"
1198,2,3,2,232,"Mid-Value"
1199,3,4,2,342,"High-Value"
1200,2,4,3,243,"Mid-Value"
1201,2,1,1,211,"Low-Value"
1202,2,1,1,211,"Low-Value"
1203,4,1,1,411,"High-Value"
1204,1,1,1,111,"Low-Value"
1205,3,3,4,334,"Mid-Value"
1206,2,1,1,211,"Low-Value"
1207,4,3,1,431,"High-Value"
1208,2,2,3,223,"Mid-Value"
1209,1,1,2,112,"Low-Value"
1210,4,4,4,444,"High-Value"
1211,1,1,1,111,"Low-Value"
1212,2,1,2,212,"Low-Value"
1213,2,3,4,234,"Mid-Value"
1214,3,1,3,313,"Mid-Value"
1215,2,4,3,243,"Mid-Value"
1216,4,1,2,412,"High-Value"
1217,4,3,3,433,"High-Value"
1218,2,3,4,234,"Mid-Value"
1219,4,1,2,412,"High-Value"
1220,2,2,2,222,"Mid-Value"
1221,4,3,1,431,"High-Value"
1222,2,1,1,211,"Low-Value"
1223,3,3,1,331,"Mid-Value"
1224,2,3,4,234,"Mid-Value"
1225,2,1,2,212,"Low-Value"
1226,3,2,1,321,"Mid-Value"
1227,2,4,3,243,"Mid-Value"
1228,1,1,1,111,"Low-Value"
1229,3,4,3,343,"High-Value"
1230,2,1,1,211,"Low-Value"
1231,1,1,1,111,"Low-Value"
1232,4,4,4,444,"High-Value"
1233,4,4,4,444,"High-Value"
1234,2,3,2,232,"Mid-Value"
1235,2,1,3,213,"Low-Value"
1236,3,2,3,323,"Mid-Value"
1237,3,4,4,344,"High-Value"
1238,1,1,1,111,"Low-Value"
1239,3,3,1,331,"Mid-Value"
1240,4,1,3,413,"High-Value"
1241,2,3,2,232,"Mid-Value"
1242,4,1,1,411,"High-Value"
1243,2,4,4,244,"Mid-Value"
1244,3,2,2,322,"Mid-Value"
1245,2,3,2,232,"Mid-Value"
1246,1,1,1,111,"Low-Value"
1247,1,1,3,113,"Low-Value"
1248,2,1,1,211,"Low-Value"
1249,1,2,4,124,"Low-Value"
1250,3,4,4,344,"High-Value"
1251,2,1,1,211,"Low-Value"
1252,4,3,4,434,"High-Value"
1253,4,1,2,412,"High-Value"
1254,3,3,3,333,"Mid-Value"
1255,2,1,1,211,"Low-Value"
1256,2,3,2,232,"Mid-Value"
1257,1,1,1,111,"Low-Value"
1258,2,4,4,244,"Mid-Value"
1259,3,3,3,333,"Mid-Value"
1260,2,2,2,222,"Mid-Value"
1261,2,3,1,231,"Mid-Value"
1262,3,1,1,311,"Mid-Value"
1263,3,3,3,333,"Mid-Value"
1264,4,1,2,412,"High-Value"
1265,4,1,1,411,"High-Value"
1266,1,1,3,113,"Low-Value"
1267,1,1,2,112,"Low-Value"
1268,2,1,1,211,"Low-Value"
1269,1,1,1,111,"Low-Value"
1270,1,1,2,112,"Low-Value"
1271,1,1,1,111,"Low-Value"
1272,3,4,4,344,"High-Value"
1273,3,1,1,311,"Mid-Value"
1274,4,4,3,443,"High-Value"
1275,1,3,1,131,"Low-Value"
1276,1,1,1,111,"Low-Value"
1277,2,1,1,211,"Low-Value"
1278,2,1,1,211,"Low-Value"
1279,2,3,2,232,"Mid-Value"
1280,1,1,3,113,"Low-Value"
1281,2,1,1,211,"Low-Value"
1282,3,4,4,344,"High-Value"
1283,1,1,1,111,"Low-Value"
1284,2,1,1,211,"Low-Value"
1285,1,3,4,134,"Low-Value"
1286,2,3,2,232,"Mid-Value"
1287,2,3,4,234,"Mid-Value"
1288,3,1,1,311,"Mid-Value"
1289,4,3,3,433,"High-Value"
1290,3,4,4,344,"High-Value"
1291,4,3,4,434,"High-Value"
1292,3,2,3,323,"Mid-Value"
1293,1,2,4,124,"Low-Value"
1294,1,1,1,111,"Low-Value"
1295,3,3,2,332,"Mid-Value"
1296,1,1,2,112,"Low-Value"
1297,4,3,2,432,"High-Value"
1298,1,2,3,123,"Low-Value"
1299,4,3,4,434,"High-Value"
1300,3,3,4,334,"Mid-Value"
1301,4,4,2,442,"High-Value"
1302,3,4,4,344,"High-Value"
1303,4,3,4,434,"High-Value"
1304,4,3,2,432,"High-Value"
1305,1,2,3,123,"Low-Value"
1306,1,2,3,123,"Low-Value"
1307,1,4,4,144,"Low-Value"
1308,4,2,4,424,"High-Value"
1309,2,1,1,211,"Low-Value"
1310,3,2,2,322,"Mid-Value"
1311,2,1,2,212,"Low-Value"
1312,3,1,1,311,"Mid-Value"
1313,4,3,4,434,"High-Value"
1314,3,2,3,323,"Mid-Value"
1315,4,4,2,442,"High-Value"
1316,3,2,2,322,"Mid-Value"
1317,4,4,4,444,"High-Value"
1318,4,3,3,433,"High-Value"
1319,4,1,1,411,"High-Value"
1320,1,3,2,132,"Low-Value"
1321,1,3,2,132,"Low-Value"
1322,2,1,3,213,"Low-Value"
1323,2,3,1,231,"Mid-Value"
1324,2,3,2,232,"Mid-Value"
1325,2,1,1,211,"Low-Value"
1326,4,3,3,433,"High-Value"
1327,4,2,3,423,"High-Value"
1328,4,3,4,434,"High-Value"
1329,4,4,4,444,"High-Value"
1330,2,3,4,234,"Mid-Value"
1331,4,4,4,444,"High-Value"
1332,3,3,4,334,"Mid-Value"
1333,4,1,2,412,"High-Value"
1334,1,1,1,111,"Low-Value"
1335,2,3,3,233,"Mid-Value"
1336,2,3,3,233,"Mid-Value"
1337,2,3,3,233,"Mid-Value"
1338,1,1,1,111,"Low-Value"
1339,1,2,4,124,"Low-Value"
1340,3,4,2,342,"High-Value"
1341,4,1,1,411,"High-Value"
1342,4,1,2,412,"High-Value"
1343,3,1,1,311,"Mid-Value"
1344,3,1,1,311,"Mid-Value"
1345,3,3,4,334,"Mid-Value"
1346,4,4,4,444,"High-Value"
1347,1,3,3,133,"Low-Value"
1348,1,2,4,124,"Low-Value"
1349,3,3,2,332,"Mid-Value"
1350,1,1,1,111,"Low-Value"
1351,4,3,4,434,"High-Value"
1352,1,1,1,111,"Low-Value"
1353,4,4,2,442,"High-Value"
1354,2,1,2,212,"Low-Value"
1355,4,2,2,422,"High-Value"
1356,3,3,3,333,"Mid-Value"
1357,4,4,4,444,"High-Value"
1358,4,4,3,443,"High-Value"
1359,4,1,1,411,"High-Value"
1360,1,1,2,112,"Low-Value"
1361,3,3,2,332,"Mid-Value"
1362,1,1,1,111,"Low-Value"
1363,3,3,2,332,"Mid-Value"
1364,2,1,1,211,"Low-Value"
1365,1,1,1,111,"Low-Value"
1366,2,2,1,221,"Low-Value"
1367,4,3,2,432,"High-Value"
1368,2,3,3,233,"Mid-Value"
1369,1,1,2,112,"Low-Value"
1370,3,1,1,311,"Mid-Value"
1371,3,1,1,311,"Mid-Value"
1372,2,3,3,233,"Mid-Value"
1374,3,4,4,344,"High-Value"
1375,2,2,2,222,"Mid-Value"
1376,1,3,4,134,"Low-Value"
1377,2,2,3,223,"Mid-Value"
1378,4,3,4,434,"High-Value"
1379,3,2,4,324,"Mid-Value"
1380,1,1,2,112,"Low-Value"
1381,1,2,4,124,"Low-Value"
1382,1,1,2,112,"Low-Value"
1383,2,1,3,213,"Low-Value"
1384,3,3,3,333,"Mid-Value"
1385,1,2,2,122,"Low-Value"
1386,1,1,2,112,"Low-Value"
1387,1,1,1,111,"Low-Value"
1388,3,3,3,333,"Mid-Value"
1389,2,4,4,244,"Mid-Value"
1390,4,4,3,443,"High-Value"
1391,2,1,2,212,"Low-Value"
1392,1,1,3,113,"Low-Value"
1393,3,1,1,311,"Mid-Value"
1394,1,1,2,112,"Low-Value"
1395,2,1,1,211,"Low-Value"
1396,4,4,4,444,"High-Value"
1397,1,3,4,134,"Low-Value"
1398,3,3,4,334,"Mid-Value"
1399,4,1,2,412,"High-Value"
1400,2,3,4,234,"Mid-Value"
1401,2,1,2,212,"Low-Value"
1402,3,4,3,343,"High-Value"
1403,1,1,1,111,"Low-Value"
1404,4,4,4,444,"High-Value"
1405,3,4,2,342,"High-Value"
1406,3,3,2,332,"Mid-Value"
1407,4,4,3,443,"High-Value"
1408,4,1,2,412,"High-Value"
1409,3,1,2,312,"Mid-Value"
1410,2,3,4,234,"Mid-Value"
1411,3,3,4,334,"Mid-Value"
1412,1,1,2,112,"Low-Value"
1413,4,3,3,433,"High-Value"
1414,4,1,1,411,"High-Value"
1415,2,1,3,213,"Low-Value"
1416,1,1,1,111,"Low-Value"
1417,2,3,3,233,"Mid-Value"
1418,2,2,2,222,"Mid-Value"
1419,3,2,1,321,"Mid-Value"
1420,3,2,2,322,"Mid-Value"
1421,2,3,2,232,"Mid-Value"
1422,2,3,1,231,"Mid-Value"
1423,3,3,3,333,"Mid-Value"
1424,2,1,1,211,"Low-Value"
1425,4,1,3,413,"High-Value"
1426,2,3,3,233,"Mid-Value"
1427,2,2,3,223,"Mid-Value"
1428,4,4,4,444,"High-Value"
1429,3,3,1,331,"Mid-Value"
1430,1,2,2,122,"Low-Value"
1431,3,1,1,311,"Mid-Value"
1432,3,3,3,333,"Mid-Value"
1433,1,1,2,112,"Low-Value"
1434,1,1,1,111,"Low-Value"
1435,3,3,4,334,"Mid-Value"
1436,2,2,3,223,"Mid-Value"
1437,1,1,2,112,"Low-Value"
1438,4,4,4,444,"High-Value"
1439,2,1,1,211,"Low-Value"
1440,3,3,4,334,"Mid-Value"
1441,1,1,1,111,"Low-Value"
1442,2,1,1,211,"Low-Value"
1443,3,4,4,344,"High-Value"
1444,3,2,1,321,"Mid-Value"
1445,4,3,3,433,"High-Value"
1446,4,3,4,434,"High-Value"
1447,1,3,4,134,"Low-Value"
1448,1,1,1,111,"Low-Value"
1449,4,3,4,434,"High-Value"
1450,3,3,3,333,"Mid-Value"
1451,2,3,3,233,"Mid-Value"
1452,4,2,3,423,"High-Value"
1453,4,2,3,423,"High-Value"
1454,4,2,2,422,"High-Value"
1455,3,1,1,311,"Mid-Value"
1456,4,1,1,411,"High-Value"
1457,2,3,2,232,"Mid-Value"
1458,1,1,3,113,"Low-Value"
1459,1,1,4,114,"Low-Value"
1460,4,4,4,444,"High-Value"
1461,4,3,4,434,"High-Value"
1462,2,2,2,222,"Mid-Value"
1463,1,2,2,122,"Low-Value"
1464,1,3,1,131,"Low-Value"
1465,1,1,1,111,"Low-Value"
1466,3,1,1,311,"Mid-Value"
1467,4,3,2,432,"High-Value"
1468,1,3,3,133,"Low-Value"
1469,2,3,2,232,"Mid-Value"
1470,4,3,3,433,"High-Value"
1471,4,1,4,414,"High-Value"
1472,2,3,4,234,"Mid-Value"
1473,3,4,4,344,"High-Value"
1474,2,2,1,221,"Low-Value"
1475,2,3,4,234,"Mid-Value"
1476,3,1,1,311,"Mid-Value"
1477,3,4,4,344,"High-Value"
1478,4,3,3,433,"High-Value"
1479,2,2,2,222,"Mid-Value"
1480,4,4,2,442,"High-Value"
1481,3,4,2,342,"High-Value"
1482,2,4,4,244,"Mid-Value"
1483,3,4,4,344,"High-Value"
1484,4,1,1,411,"High-Value"
1485,4,1,1,411,"High-Value"
1486,3,2,3,323,"Mid-Value"
1487,4,1,1,411,"High-Value"
1488,3,1,1,311,"Mid-Value"
1489,2,1,1,211,"Low-Value"
1490,2,1,2,212,"Low-Value"
1491,1,1,1,111,"Low-Value"
1492,4,3,4,434,"High-Value"
1493,3,4,4,344,"High-Value"
1494,4,4,4,444,"High-Value"
1495,4,1,1,411,"High-Value"
1496,2,2,3,223,"Mid-Value"
1497,1,3,3,133,"Low-Value"
1498,3,1,1,311,"Mid-Value"
1499,1,2,2,122,"Low-Value"
1500,4,2,3,423,"High-Value"
1501,2,2,1,221,"Low-Value"
1502,3,4,4,344,"High-Value"
1503,1,4,4,144,"Low-Value"
1504,4,2,1,421,"High-Value"
1505,4,1,3,413,"High-Value"
1506,4,4,4,444,"High-Value"
1507,4,1,3,413,"High-Value"
1508,2,2,3,223,"Mid-Value"
1509,3,1,2,312,"Mid-Value"
1510,2,1,2,212,"Low-Value"
1511,4,4,3,443,"High-Value"
1512,1,1,2,112,"Low-Value"
1513,1,3,2,132,"Low-Value"
1514,2,3,3,233,"Mid-Value"
1515,4,3,2,432,"High-Value"
1516,3,2,4,324,"Mid-Value"
1517,3,4,4,344,"High-Value"
1518,1,1,1,111,"Low-Value"
1519,4,4,3,443,"High-Value"
1520,1,1,1,111,"Low-Value"
1521,1,1,1,111,"Low-Value"
1522,4,2,2,422,"High-Value"
1523,3,1,2,312,"Mid-Value"
1524,3,4,2,342,"High-Value"
1525,3,1,2,312,"Mid-Value"
1526,1,2,2,122,"Low-Value"
1527,3,4,3,343,"High-Value"
1528,2,3,4,234,"Mid-Value"
1529,1,1,1,111,"Low-Value"
1530,4,4,4,444,"High-Value"
1531,3,3,3,333,"Mid-Value"
1532,4,3,3,433,"High-Value"
1533,1,4,3,143,"Low-Value"
1534,2,3,3,233,"Mid-Value"
1535,1,2,3,123,"Low-Value"
1536,3,1,2,312,"Mid-Value"
1537,3,4,4,344,"High-Value"
1538,4,1,1,411,"High-Value"
1539,2,4,3,243,"Mid-Value"
1540,4,2,2,422,"High-Value"
1541,2,2,3,223,"Mid-Value"
1542,1,2,2,122,"Low-Value"
1543,2,1,1,211,"Low-Value"
1544,1,1,1,111,"Low-Value"
1545,4,3,2,432,"High-Value"
1546,2,3,2,232,"Mid-Value"
1547,3,4,4,344,"High-Value"
1548,3,1,1,311,"Mid-Value"
1549,4,3,3,433,"High-Value"
1550,3,3,3,333,"Mid-Value"
1551,3,3,4,334,"Mid-Value"
1552,1,2,4,124,"Low-Value"
1553,2,1,2,212,"Low-Value"
1554,3,3,4,334,"Mid-Value"
1555,1,3,3,133,"Low-Value"
1556,2,2,3,223,"Mid-Value"
1557,2,3,4,234,"Mid-Value"
1558,4,4,4,444,"High-Value"
1559,2,4,4,244,"Mid-Value"
1560,1,1,1,111,"Low-Value"
1561,3,4,4,344,"High-Value"
1562,1,1,2,112,"Low-Value"
1563,1,1,3,113,"Low-Value"
1564,4,1,1,411,"High-Value"
1565,4,1,1,411,"High-Value"
1566,2,1,1,211,"Low-Value"
1567,3,3,3,333,"Mid-Value"
1568,1,1,3,113,"Low-Value"
1569,2,1,1,211,"Low-Value"
1570,3,4,4,344,"High-Value"
1571,4,1,4,414,"High-Value"
1572,2,3,4,234,"Mid-Value"
1573,2,1,2,212,"Low-Value"
1574,2,4,3,243,"Mid-Value"
1575,2,1,1,211,"Low-Value"
1576,3,3,4,334,"Mid-Value"
1577,4,3,3,433,"High-Value"
1578,4,3,4,434,"High-Value"
1579,3,4,4,344,"High-Value"
1580,2,4,3,243,"Mid-Value"
1581,3,4,3,343,"High-Value"
1582,2,2,2,222,"Mid-Value"
1583,1,1,3,113,"Low-Value"
1584,4,1,1,411,"High-Value"
1585,3,4,3,343,"High-Value"
1586,4,3,4,434,"High-Value"
1587,2,2,1,221,"Low-Value"
1588,3,3,3,333,"Mid-Value"
1589,4,3,4,434,"High-Value"
1590,2,1,2,212,"Low-Value"
1591,3,4,4,344,"High-Value"
1592,1,1,3,113,"Low-Value"
1593,2,3,3,233,"Mid-Value"
1594,4,3,4,434,"High-Value"
1595,2,3,4,234,"Mid-Value"
1596,1,1,2,112,"Low-Value"
1597,3,4,4,344,"High-Value"
1598,1,2,2,122,"Low-Value"
1599,3,4,4,344,"High-Value"
1600,4,4,3,443,"High-Value"
1601,3,1,2,312,"Mid-Value"
1602,4,2,3,423,"High-Value"
1603,3,1,1,311,"Mid-Value"
1604,1,1,1,111,"Low-Value"
1605,1,1,1,111,"Low-Value"
1606,3,1,2,312,"Mid-Value"
1607,4,2,1,421,"High-Value"
1608,4,1,1,411,"High-Value"
1609,2,2,3,223,"Mid-Value"
1610,4,2,3,423,"High-Value"
1611,3,4,4,344,"High-Value"
1612,2,1,3,213,"Low-Value"
1613,3,4,3,343,"High-Value"
1614,2,3,2,232,"Mid-Value"
1615,2,2,4,224,"Mid-Value"
1616,3,3,4,334,"Mid-Value"
1617,4,2,3,423,"High-Value"
1618,3,1,1,311,"Mid-Value"
1619,2,4,4,244,"Mid-Value"
1620,1,1,1,111,"Low-Value"
1621,2,2,1,221,"Low-Value"
1622,2,1,1,211,"Low-Value"
1623,4,3,3,433,"High-Value"
1624,4,3,1,431,"High-Value"
1625,4,4,4,444,"High-Value"
1626,1,1,1,111,"Low-Value"
1627,3,4,4,344,"High-Value"
1628,1,1,2,112,"Low-Value"
1629,4,3,4,434,"High-Value"
1630,3,1,2,312,"Mid-Value"
1631,1,1,2,112,"Low-Value"
1632,1,1,1,111,"Low-Value"
1633,4,1,2,412,"High-Value"
1634,3,1,1,311,"Mid-Value"
1635,1,1,1,111,"Low-Value"
1636,3,2,3,323,"Mid-Value"
1637,1,3,3,133,"Low-Value"
1638,4,1,3,413,"High-Value"
1639,3,3,4,334,"Mid-Value"
1640,2,3,2,232,"Mid-Value"
1641,2,4,4,244,"Mid-Value"
1642,2,2,2,222,"Mid-Value"
1643,3,4,4,344,"High-Value"
1644,3,3,4,334,"Mid-Value"
1645,1,3,1,131,"Low-Value"
1646,3,3,4,334,"Mid-Value"
1647,1,3,3,133,"Low-Value"
1648,4,1,2,412,"High-Value"
1649,2,1,3,213,"Low-Value"
1650,4,2,2,422,"High-Value"
1651,1,2,1,121,"Low-Value"
1652,1,3,2,132,"Low-Value"
1653,3,1,2,312,"Mid-Value"
1654,2,1,1,211,"Low-Value"
1655,4,1,1,411,"High-Value"
1656,2,3,2,232,"Mid-Value"
1657,2,2,2,222,"Mid-Value"
1658,1,1,1,111,"Low-Value"
1659,2,3,3,233,"Mid-Value"
1660,2,3,2,232,"Mid-Value"
1661,1,3,4,134,"Low-Value"
1662,2,2,1,221,"Low-Value"
1663,4,3,3,433,"High-Value"
1664,3,3,3,333,"Mid-Value"
1665,2,3,3,233,"Mid-Value"
1666,2,1,1,211,"Low-Value"
1667,2,3,4,234,"Mid-Value"
1668,4,3,3,433,"High-Value"
1669,2,3,3,233,"Mid-Value"
1670,2,4,4,244,"Mid-Value"
1671,3,1,1,311,"Mid-Value"
1672,3,4,4,344,"High-Value"
1673,1,1,1,111,"Low-Value"
1674,2,2,1,221,"Low-Value"
1675,1,1,3,113,"Low-Value"
1676,2,2,4,224,"Mid-Value"
1677,1,4,2,142,"Low-Value"
1678,2,4,4,244,"Mid-Value"
1679,1,1,3,113,"Low-Value"
1680,1,1,2,112,"Low-Value"
1681,4,2,3,423,"High-Value"
1682,2,3,4,234,"Mid-Value"
1683,2,4,4,244,"Mid-Value"
1684,4,3,1,431,"High-Value"
1685,3,1,1,311,"Mid-Value"
1686,2,4,4,244,"Mid-Value"
1687,4,1,2,412,"High-Value"
1688,3,4,2,342,"High-Value"
1689,1,2,3,123,"Low-Value"
1690,4,4,2,442,"High-Value"
1691,4,4,3,443,"High-Value"
1692,1,1,1,111,"Low-Value"
1693,2,3,3,233,"Mid-Value"
1694,3,3,4,334,"Mid-Value"
1695,3,2,3,323,"Mid-Value"
1696,3,4,4,344,"High-Value"
1697,3,2,3,323,"Mid-Value"
1698,3,4,4,344,"High-Value"
1699,2,3,3,233,"Mid-Value"
1700,2,3,1,231,"Mid-Value"
1701,4,2,1,421,"High-Value"
1702,4,3,2,432,"High-Value"
1703,4,1,1,411,"High-Value"
1704,1,1,1,111,"Low-Value"
1705,4,1,2,412,"High-Value"
1706,4,4,4,444,"High-Value"
1707,4,4,3,443,"High-Value"
1708,1,1,2,112,"Low-Value"
1709,4,2,2,422,"High-Value"
1710,2,1,1,211,"Low-Value"
1711,3,3,2,332,"Mid-Value"
1712,1,1,1,111,"Low-Value"
1713,4,3,3,433,"High-Value"
1714,3,3,3,333,"Mid-Value"
1715,1,1,1,111,"Low-Value"
1716,1,1,1,111,"Low-Value"
1717,2,1,2,212,"Low-Value"
1718,3,2,1,321,"Mid-Value"
1719,3,2,2,322,"Mid-Value"
1720,3,2,3,323,"Mid-Value"
1721,4,3,3,433,"High-Value"
1722,4,4,4,444,"High-Value"
1723,4,2,3,423,"High-Value"
1724,1,1,1,111,"Low-Value"
1725,2,3,4,234,"Mid-Value"
1726,1,3,4,134,"Low-Value"
1727,2,3,3,233,"Mid-Value"
1728,3,3,3,333,"Mid-Value"
1729,2,3,3,233,"Mid-Value"
1730,3,1,1,311,"Mid-Value"
1731,3,4,3,343,"High-Value"
1732,1,2,2,122,"Low-Value"
1733,2,2,3,223,"Mid-Value"
1734,3,1,1,311,"Mid-Value"
1735,2,1,2,212,"Low-Value"
1736,2,3,3,233,"Mid-Value"
1737,3,1,3,313,"Mid-Value"
1738,3,1,2,312,"Mid-Value"
1739,3,1,2,312,"Mid-Value"
1740,4,4,3,443,"High-Value"
1741,2,1,2,212,"Low-Value"
1742,2,3,2,232,"Mid-Value"
1743,2,3,4,234,"Mid-Value"
1744,1,1,1,111,"Low-Value"
1745,4,4,3,443,"High-Value"
1746,1,3,3,133,"Low-Value"
1747,1,1,1,111,"Low-Value"
1748,4,4,4,444,"High-Value"
1749,2,1,2,212,"Low-Value"
1750,2,3,4,234,"Mid-Value"
1751,4,1,1,411,"High-Value"
1752,3,3,3,333,"Mid-Value"
1753,3,1,2,312,"Mid-Value"
1754,1,2,3,123,"Low-Value"
1755,2,3,3,233,"Mid-Value"
1756,2,1,2,212,"Low-Value"
1757,1,1,1,111,"Low-Value"
1758,4,3,1,431,"High-Value"
1759,4,3,3,433,"High-Value"
1760,4,3,3,433,"High-Value"
1761,4,2,3,423,"High-Value"
1762,3,4,4,344,"High-Value"
1763,4,3,3,433,"High-Value"
1764,4,1,1,411,"High-Value"
1765,2,3,4,234,"Mid-Value"
1766,1,2,2,122,"Low-Value"
1767,4,2,3,423,"High-Value"
1768,1,1,1,111,"Low-Value"
1769,3,3,2,332,"Mid-Value"
1770,4,3,4,434,"High-Value"
1771,3,3,2,332,"Mid-Value"
1772,1,1,1,111,"Low-Value"
1773,4,4,4,444,"High-Value"
1774,1,1,1,111,"Low-Value"
1775,2,3,3,233,"Mid-Value"
1776,3,3,2,332,"Mid-Value"
1777,2,3,2,232,"Mid-Value"
1778,1,1,2,112,"Low-Value"
1779,1,3,4,134,"Low-Value"
1780,3,1,1,311,"Mid-Value"
1781,4,1,1,411,"High-Value"
1782,2,3,3,233,"Mid-Value"
1783,2,4,4,244,"Mid-Value"
1784,2,1,1,211,"Low-Value"
1785,3,3,3,333,"Mid-Value"
1786,1,1,1,111,"Low-Value"
1787,4,3,4,434,"High-Value"
1788,3,4,4,344,"High-Value"
1789,2,1,2,212,"Low-Value"
1790,3,2,2,322,"Mid-Value"
1791,1,3,2,132,"Low-Value"
1792,4,4,4,444,"High-Value"
1793,2,3,4,234,"Mid-Value"
1794,4,1,1,411,"High-Value"
1795,4,3,3,433,"High-Value"
1796,1,1,1,111,"Low-Value"
1797,2,4,4,244,"Mid-Value"
1798,4,3,3,433,"High-Value"
1799,2,1,2,212,"Low-Value"
1800,1,1,2,112,"Low-Value"
1801,2,4,3,243,"Mid-Value"
1802,4,4,4,444,"High-Value"
1803,1,3,3,133,"Low-Value"
1804,3,1,2,312,"Mid-Value"
1805,1,1,1,111,"Low-Value"
1806,3,4,4,344,"High-Value"
1807,2,3,2,232,"Mid-Value"
1808,2,3,4,234,"Mid-Value"
1809,3,3,3,333,"Mid-Value"
1810,4,1,1,411,"High-Value"
1811,3,4,4,344,"High-Value"
1812,3,4,3,343,"High-Value"
1813,4,3,2,432,"High-Value"
1814,2,3,2,232,"Mid-Value"
1815,4,2,2,422,"High-Value"
1816,2,2,3,223,"Mid-Value"
1817,3,4,4,344,"High-Value"
1818,3,3,4,334,"Mid-Value"
1819,1,1,1,111,"Low-Value"
1820,3,4,4,344,"High-Value"
1821,3,4,4,344,"High-Value"
1822,4,2,1,421,"High-Value"
1823,1,3,2,132,"Low-Value"
1824,4,3,3,433,"High-Value"
1825,3,3,4,334,"Mid-Value"
1826,3,3,3,333,"Mid-Value"
1827,3,1,2,312,"Mid-Value"
1828,1,1,1,111,"Low-Value"
1829,4,1,2,412,"High-Value"
1830,4,3,4,434,"High-Value"
1831,1,4,2,142,"Low-Value"
1832,2,4,4,244,"Mid-Value"
1833,4,2,2,422,"High-Value"
1834,1,1,4,114,"Low-Value"
1835,3,3,1,331,"Mid-Value"
1836,1,1,1,111,"Low-Value"
1837,3,3,4,334,"Mid-Value"
1838,2,2,4,224,"Mid-Value"
1839,2,3,2,232,"Mid-Value"
1840,1,3,2,132,"Low-Value"
1841,3,1,1,311,"Mid-Value"
1842,1,2,3,123,"Low-Value"
1843,1,1,2,112,"Low-Value"
1844,3,3,3,333,"Mid-Value"
1845,3,3,4,334,"Mid-Value"
1846,1,1,1,111,"Low-Value"
1847,3,1,2,312,"Mid-Value"
1848,3,3,4,334,"Mid-Value"
1849,1,3,3,133,"Low-Value"
1850,3,3,4,334,"Mid-Value"
1851,1,1,1,111,"Low-Value"
1852,1,2,4,124,"Low-Value"
1853,3,4,4,344,"High-Value"
1854,4,1,2,412,"High-Value"
1855,3,1,2,312,"Mid-Value"
1856,1,1,1,111,"Low-Value"
1857,2,1,3,213,"Low-Value"
1858,3,4,4,344,"High-Value"
1859,2,2,2,222,"Mid-Value"
1860,4,3,4,434,"High-Value"
1861,3,3,3,333,"Mid-Value"
1862,2,3,3,233,"Mid-Value"
1863,1,2,4,124,"Low-Value"
1864,3,4,3,343,"High-Value"
1865,1,1,1,111,"Low-Value"
1866,3,4,4,344,"High-Value"
1867,4,4,3,443,"High-Value"
1868,3,3,4,334,"Mid-Value"
1869,3,1,1,311,"Mid-Value"
1870,3,3,4,334,"Mid-Value"
1871,1,1,2,112,"Low-Value"
1872,1,2,2,122,"Low-Value"
1873,4,1,3,413,"High-Value"
1874,1,2,2,122,"Low-Value"
1875,1,3,3,133,"Low-Value"
1876,1,2,3,123,"Low-Value"
1877,2,3,1,231,"Mid-Value"
1878,3,3,2,332,"Mid-Value"
1879,2,3,2,232,"Mid-Value"
1880,2,2,4,224,"Mid-Value"
1881,3,3,4,334,"Mid-Value"
1882,1,3,3,133,"Low-Value"
1883,3,1,2,312,"Mid-Value"
1884,3,3,3,333,"Mid-Value"
1885,4,4,4,444,"High-Value"
1886,4,1,2,412,"High-Value"
1887,1,4,4,144,"Low-Value"
1888,2,1,3,213,"Low-Value"
1889,1,2,3,123,"Low-Value"
1890,3,4,4,344,"High-Value"
1891,2,3,3,233,"Mid-Value"
1892,1,2,1,121,"Low-Value"
1893,4,3,3,433,"High-Value"
1894,3,1,2,312,"Mid-Value"
1895,4,2,1,421,"High-Value"
1896,1,1,2,112,"Low-Value"
1897,2,3,2,232,"Mid-Value"
1898,2,3,4,234,"Mid-Value"
1899,2,2,2,222,"Mid-Value"
1900,2,1,1,211,"Low-Value"
1901,1,3,4,134,"Low-Value"
1902,2,2,2,222,"Mid-Value"
1903,4,1,3,413,"High-Value"
1904,2,1,1,211,"Low-Value"
1905,4,4,4,444,"High-Value"
1906,4,3,3,433,"High-Value"
1907,1,1,1,111,"Low-Value"
1908,1,3,3,133,"Low-Value"
1909,2,3,3,233,"Mid-Value"
1910,4,1,1,411,"High-Value"
1911,2,1,1,211,"Low-Value"
1912,3,4,3,343,"High-Value"
1913,3,4,3,343,"High-Value"
1914,4,4,2,442,"High-Value"
1915,2,2,2,222,"Mid-Value"
1916,2,3,4,234,"Mid-Value"
1917,3,3,4,334,"Mid-Value"
1918,4,2,3,423,"High-Value"
1919,3,1,2,312,"Mid-Value"
1920,2,1,1,211,"Low-Value"
1921,3,1,1,311,"Mid-Value"
1922,1,1,1,111,"Low-Value"
1923,4,1,3,413,"High-Value"
1924,3,1,1,311,"Mid-Value"
1925,4,3,2,432,"High-Value"
1926,4,2,4,424,"High-Value"
1927,1,2,3,123,"Low-Value"
1928,3,1,1,311,"Mid-Value"
1929,3,3,2,332,"Mid-Value"
1930,3,2,2,322,"Mid-Value"
1931,3,1,1,311,"Mid-Value"
1932,1,4,4,144,"Low-Value"
1933,3,4,4,344,"High-Value"
1934,4,3,2,432,"High-Value"
1935,2,3,3,233,"Mid-Value"
1936,2,4,3,243,"Mid-Value"
1937,3,3,4,334,"Mid-Value"
1938,1,1,3,113,"Low-Value"
1939,2,1,1,211,"Low-Value"
1940,2,1,3,213,"Low-Value"
1941,4,1,3,413,"High-Value"
1942,4,4,4,444,"High-Value"
1943,1,1,1,111,"Low-Value"
1944,4,2,1,421,"High-Value"
1945,1,1,1,111,"Low-Value"
1946,1,4,3,143,"Low-Value"
1947,3,4,3,343,"High-Value"
1948,1,2,2,122,"Low-Value"
1949,3,3,3,333,"Mid-Value"
1950,4,4,3,443,"High-Value"
1951,1,4,4,144,"Low-Value"
1952,2,4,3,243,"Mid-Value"
1953,4,3,3,433,"High-Value"
1954,1,4,4,144,"Low-Value"
1955,2,1,1,211,"Low-Value"
1956,3,1,1,311,"Mid-Value"
1957,3,4,4,344,"High-Value"
1958,2,1,1,211,"Low-Value"
1959,1,4,3,143,"Low-Value"
1960,2,1,2,212,"Low-Value"
1961,3,1,3,313,"Mid-Value"
1962,1,1,1,111,"Low-Value"
1963,4,1,2,412,"High-Value"
1964,1,3,4,134,"Low-Value"
1965,4,2,2,422,"High-Value"
1966,1,3,1,131,"Low-Value"
1967,3,2,4,324,"Mid-Value"
1968,1,2,2,122,"Low-Value"
1969,4,3,2,432,"High-Value"
1970,4,4,3,443,"High-Value"
1971,2,3,4,234,"Mid-Value"
1972,4,1,2,412,"High-Value"
1973,2,1,3,213,"Low-Value"
1974,3,2,1,321,"Mid-Value"
1975,1,1,1,111,"Low-Value"
1976,1,3,1,131,"Low-Value"
1977,2,1,2,212,"Low-Value"
1978,4,1,1,411,"High-Value"
1979,3,2,4,324,"Mid-Value"
1980,2,4,4,244,"Mid-Value"
1981,1,1,2,112,"Low-Value"
1982,2,4,3,243,"Mid-Value"
1983,4,1,3,413,"High-Value"
1984,2,3,4,234,"Mid-Value"
1985,4,3,2,432,"High-Value"
1986,3,3,2,332,"Mid-Value"
1987,3,1,1,311,"Mid-Value"
1988,1,4,4,144,"Low-Value"
1989,3,1,1,311,"Mid-Value"
1990,4,4,2,442,"High-Value"
1991,4,4,4,444,"High-Value"
1992,1,4,4,144,"Low-Value"
1993,2,4,2,242,"Mid-Value"
1994,4,3,3,433,"High-Value"
1995,1,3,2,132,"Low-Value"
1996,4,3,2,432,"High-Value"
1997,2,2,3,223,"Mid-Value"
1998,1,1,2,112,"Low-Value"
1999,4,3,2,432,"High-Value"
2000,3,1,1,311,"Mid-Value"
2001,2,4,4,244,"Mid-Value"
2002,1,1,1,111,"Low-Value"
2003,1,1,1,111,"Low-Value"
2004,2,2,3,223,"Mid-Value"
2005,4,3,3,433,"High-Value"
2006,1,2,2,122,"Low-Value"
2007,3,1,4,314,"Mid-Value"
2008,3,3,2,332,"Mid-Value"
2009,4,3,2,432,"High-Value"
2010,3,2,2,322,"Mid-Value"
2011,1,1,1,111,"Low-Value"
2012,4,2,2,422,"High-Value"
2013,4,4,4,444,"High-Value"
2014,2,3,3,233,"Mid-Value"
2015,2,3,3,233,"Mid-Value"
2016,2,3,2,232,"Mid-Value"
2017,4,2,3,423,"High-Value"
2018,3,3,2,332,"Mid-Value"
2019,2,4,4,244,"Mid-Value"
2020,3,3,4,334,"Mid-Value"
2021,1,1,1,111,"Low-Value"
2022,4,2,3,423,"High-Value"
2023,4,4,4,444,"High-Value"
2024,3,3,3,333,"Mid-Value"
2025,1,1,2,112,"Low-Value"
2026,1,1,3,113,"Low-Value"
2027,4,3,3,433,"High-Value"
2028,3,3,3,333,"Mid-Value"
2029,4,4,4,444,"High-Value"
2030,1,1,4,114,"Low-Value"
2031,3,1,2,312,"Mid-Value"
2032,4,1,1,411,"High-Value"
2033,4,3,4,434,"High-Value"
2034,1,3,2,132,"Low-Value"
2035,1,1,1,111,"Low-Value"
2036,3,4,4,344,"High-Value"
2037,1,1,3,113,"Low-Value"
2038,4,1,3,413,"High-Value"
2039,1,2,2,122,"Low-Value"
2040,1,1,1,111,"Low-Value"
2041,2,3,3,233,"Mid-Value"
2042,4,1,2,412,"High-Value"
2043,1,2,3,123,"Low-Value"
2044,4,2,3,423,"High-Value"
2045,2,4,4,244,"Mid-Value"
2046,3,4,4,344,"High-Value"
2047,1,1,1,111,"Low-Value"
2048,2,3,4,234,"Mid-Value"
2049,2,3,4,234,"Mid-Value"
2050,4,1,2,412,"High-Value"
2051,2,3,4,234,"Mid-Value"
2052,2,4,3,243,"Mid-Value"
2053,4,3,4,434,"High-Value"
2054,4,1,3,413,"High-Value"
2055,4,4,4,444,"High-Value"
2056,2,1,1,211,"Low-Value"
2057,4,3,4,434,"High-Value"
2058,1,3,3,133,"Low-Value"
2059,1,1,1,111,"Low-Value"
2060,4,4,4,444,"High-Value"
2061,1,3,3,133,"Low-Value"
2062,3,2,3,323,"Mid-Value"
2063,4,2,2,422,"High-Value"
2064,1,2,3,123,"Low-Value"
2065,1,1,2,112,"Low-Value"
2066,1,2,2,122,"Low-Value"
2067,3,4,3,343,"High-Value"
2068,1,2,3,123,"Low-Value"
2069,2,3,4,234,"Mid-Value"
2070,4,4,4,444,"High-Value"
2071,3,3,3,333,"Mid-Value"
2072,4,4,4,444,"High-Value"
2073,4,4,2,442,"High-Value"
2075,4,1,2,412,"High-Value"
2076,3,4,4,344,"High-Value"
2077,1,1,2,112,"Low-Value"
2078,2,3,2,232,"Mid-Value"
2079,4,1,2,412,"High-Value"
2080,1,3,3,133,"Low-Value"
2081,4,2,2,422,"High-Value"
2082,4,3,3,433,"High-Value"
2083,4,4,3,443,"High-Value"
2084,1,1,1,111,"Low-Value"
2085,3,1,2,312,"Mid-Value"
2086,1,1,1,111,"Low-Value"
2087,2,2,1,221,"Low-Value"
2088,4,3,3,433,"High-Value"
2089,1,1,1,111,"Low-Value"
2090,1,1,1,111,"Low-Value"
2091,1,1,2,112,"Low-Value"
2092,4,2,3,423,"High-Value"
2093,2,3,3,233,"Mid-Value"
2094,3,2,1,321,"Mid-Value"
2095,3,4,4,344,"High-Value"
2096,1,2,4,124,"Low-Value"
2097,3,3,4,334,"Mid-Value"
2098,4,3,2,432,"High-Value"
2099,2,3,4,234,"Mid-Value"
2100,4,2,2,422,"High-Value"
2101,3,4,4,344,"High-Value"
2102,4,3,3,433,"High-Value"
2103,4,4,4,444,"High-Value"
2104,2,4,2,242,"Mid-Value"
2105,3,2,4,324,"Mid-Value"
2106,4,1,3,413,"High-Value"
2107,2,1,1,211,"Low-Value"
2108,4,1,2,412,"High-Value"
2109,4,4,4,444,"High-Value"
2110,3,3,3,333,"Mid-Value"
2111,4,4,4,444,"High-Value"
2112,4,1,3,413,"High-Value"
2113,3,1,3,313,"Mid-Value"
2114,4,3,3,433,"High-Value"
2115,2,1,1,211,"Low-Value"
2116,1,1,4,114,"Low-Value"
2117,3,2,2,322,"Mid-Value"
2118,1,3,2,132,"Low-Value"
2119,2,1,2,212,"Low-Value"
2120,4,4,4,444,"High-Value"
2121,1,4,4,144,"Low-Value"
2122,4,1,1,411,"High-Value"
2123,1,3,2,132,"Low-Value"
2124,2,3,3,233,"Mid-Value"
2125,4,3,1,431,"High-Value"
2126,3,1,1,311,"Mid-Value"
2127,3,2,2,322,"Mid-Value"
2128,4,1,1,411,"High-Value"
2129,1,1,1,111,"Low-Value"
2130,4,4,4,444,"High-Value"
2131,1,2,1,121,"Low-Value"
2132,4,4,4,444,"High-Value"
2133,1,2,3,123,"Low-Value"
2134,2,2,3,223,"Mid-Value"
2135,1,1,1,111,"Low-Value"
2136,4,1,3,413,"High-Value"
2137,3,1,1,311,"Mid-Value"
2138,3,3,4,334,"Mid-Value"
2139,2,2,4,224,"Mid-Value"
2140,1,4,4,144,"Low-Value"
2141,2,1,2,212,"Low-Value"
2142,2,3,4,234,"Mid-Value"
2143,3,1,2,312,"Mid-Value"
2144,2,4,4,244,"Mid-Value"
2145,1,1,1,111,"Low-Value"
2146,2,1,1,211,"Low-Value"
2147,1,1,1,111,"Low-Value"
2148,1,1,2,112,"Low-Value"
2149,4,4,4,444,"High-Value"
2150,1,3,2,132,"Low-Value"
2151,1,3,4,134,"Low-Value"
2152,4,4,4,444,"High-Value"
2153,2,3,3,233,"Mid-Value"
2154,3,3,4,334,"Mid-Value"
2155,3,4,3,343,"High-Value"
2156,1,3,2,132,"Low-Value"
2157,1,1,1,111,"Low-Value"
2158,2,2,1,221,"Low-Value"
2159,4,2,2,422,"High-Value"
2160,2,3,2,232,"Mid-Value"
2161,2,2,2,222,"Mid-Value"
2162,2,1,1,211,"Low-Value"
2163,2,1,1,211,"Low-Value"
2164,2,3,3,233,"Mid-Value"
2165,4,4,4,444,"High-Value"
2166,2,3,3,233,"Mid-Value"
2167,1,3,1,131,"Low-Value"
2168,4,1,2,412,"High-Value"
2169,1,2,4,124,"Low-Value"
2170,3,3,4,334,"Mid-Value"
2171,3,3,1,331,"Mid-Value"
2172,3,1,4,314,"Mid-Value"
2173,1,1,2,112,"Low-Value"
2174,2,2,3,223,"Mid-Value"
2175,2,1,3,213,"Low-Value"
2176,3,1,2,312,"Mid-Value"
2177,1,2,2,122,"Low-Value"
2178,2,1,1,211,"Low-Value"
2179,3,3,3,333,"Mid-Value"
2180,2,2,3,223,"Mid-Value"
2181,2,4,1,241,"Mid-Value"
2182,4,4,4,444,"High-Value"
2183,4,4,4,444,"High-Value"
2184,3,4,4,344,"High-Value"
2185,1,3,4,134,"Low-Value"
2186,1,1,2,112,"Low-Value"
2187,2,3,4,234,"Mid-Value"
2188,2,3,4,234,"Mid-Value"
2189,3,4,4,344,"High-Value"
2190,3,4,4,344,"High-Value"
2191,4,2,3,423,"High-Value"
2192,3,1,1,311,"Mid-Value"
2193,2,1,3,213,"Low-Value"
2194,3,4,4,344,"High-Value"
2195,4,2,4,424,"High-Value"
2196,2,2,1,221,"Low-Value"
2197,1,1,1,111,"Low-Value"
2198,3,1,1,311,"Mid-Value"
2199,3,1,2,312,"Mid-Value"
2200,1,1,1,111,"Low-Value"
2201,3,3,4,334,"Mid-Value"
2202,2,4,4,244,"Mid-Value"
2203,2,2,3,223,"Mid-Value"
2204,4,4,3,443,"High-Value"
2205,1,1,1,111,"Low-Value"
2206,2,1,1,211,"Low-Value"
2207,2,3,3,233,"Mid-Value"
2208,1,3,2,132,"Low-Value"
2209,1,1,1,111,"Low-Value"
2210,3,4,4,344,"High-Value"
2211,1,1,1,111,"Low-Value"
2212,3,3,2,332,"Mid-Value"
2213,4,2,4,424,"High-Value"
2214,3,2,2,322,"Mid-Value"
2215,3,1,1,311,"Mid-Value"
2216,2,1,1,211,"Low-Value"
2217,3,3,3,333,"Mid-Value"
2218,3,1,2,312,"Mid-Value"
2219,2,2,3,223,"Mid-Value"
2220,2,1,2,212,"Low-Value"
2221,1,4,4,144,"Low-Value"
2222,2,3,3,233,"Mid-Value"
2223,2,3,3,233,"Mid-Value"
2224,1,1,1,111,"Low-Value"
2225,1,1,3,113,"Low-Value"
2226,2,4,3,243,"Mid-Value"
2227,3,2,2,322,"Mid-Value"
2228,1,1,1,111,"Low-Value"
2229,3,1,2,312,"Mid-Value"
2230,2,3,3,233,"Mid-Value"
2231,2,1,2,212,"Low-Value"
2232,2,3,2,232,"Mid-Value"
2233,2,3,2,232,"Mid-Value"
2234,2,3,1,231,"Mid-Value"
2235,2,3,3,233,"Mid-Value"
2236,4,1,2,412,"High-Value"
2237,3,3,2,332,"Mid-Value"
2238,1,1,2,112,"Low-Value"
2239,3,1,1,311,"Mid-Value"
2240,3,4,4,344,"High-Value"
2241,4,1,1,411,"High-Value"
2242,1,1,1,111,"Low-Value"
2243,1,1,1,111,"Low-Value"
2244,2,2,1,221,"Low-Value"
2245,2,3,3,233,"Mid-Value"
2246,1,1,2,112,"Low-Value"
2247,3,3,4,334,"Mid-Value"
2248,2,4,3,243,"Mid-Value"
2249,1,2,2,122,"Low-Value"
2250,1,1,1,111,"Low-Value"
2251,4,3,2,432,"High-Value"
2252,1,1,1,111,"Low-Value"
2253,2,3,1,231,"Mid-Value"
2254,4,2,2,422,"High-Value"
2255,1,1,1,111,"Low-Value"
2256,1,1,1,111,"Low-Value"
2257,2,2,4,224,"Mid-Value"
2258,2,3,3,233,"Mid-Value"
2259,1,1,2,112,"Low-Value"
2260,4,3,4,434,"High-Value"
2261,3,1,1,311,"Mid-Value"
2262,2,1,1,211,"Low-Value"
2263,3,2,3,323,"Mid-Value"
2264,1,3,2,132,"Low-Value"
2265,1,1,2,112,"Low-Value"
2266,3,4,4,344,"High-Value"
2267,1,2,2,122,"Low-Value"
2268,3,4,4,344,"High-Value"
2269,2,3,4,234,"Mid-Value"
2270,1,2,4,124,"Low-Value"
2271,1,1,1,111,"Low-Value"
2272,1,3,3,133,"Low-Value"
2273,3,4,2,342,"High-Value"
2274,2,1,1,211,"Low-Value"
2275,1,3,4,134,"Low-Value"
2276,4,1,2,412,"High-Value"
2277,3,1,2,312,"Mid-Value"
2278,3,1,1,311,"Mid-Value"
2279,3,4,3,343,"High-Value"
2280,3,2,1,321,"Mid-Value"
2281,3,3,3,333,"Mid-Value"
2282,4,3,3,433,"High-Value"
2283,3,3,4,334,"Mid-Value"
2284,3,3,4,334,"Mid-Value"
2285,3,3,1,331,"Mid-Value"
2286,2,2,3,223,"Mid-Value"
2287,1,1,1,111,"Low-Value"
2288,3,3,4,334,"Mid-Value"
2289,2,1,2,212,"Low-Value"
2290,2,2,4,224,"Mid-Value"
2291,1,1,1,111,"Low-Value"
2292,3,3,4,334,"Mid-Value"
2293,2,2,1,221,"Low-Value"
2294,2,3,4,234,"Mid-Value"
2295,4,1,3,413,"High-Value"
2296,3,1,3,313,"Mid-Value"
2297,3,2,4,324,"Mid-Value"
2298,3,3,3,333,"Mid-Value"
2299,2,3,3,233,"Mid-Value"
2300,4,1,3,413,"High-Value"
2301,4,3,4,434,"High-Value"
2302,2,1,2,212,"Low-Value"
2303,1,1,1,111,"Low-Value"
2304,4,3,4,434,"High-Value"
2305,2,2,3,223,"Mid-Value"
2306,4,1,2,412,"High-Value"
2307,2,4,3,243,"Mid-Value"
2308,4,4,4,444,"High-Value"
2309,2,4,4,244,"Mid-Value"
2310,4,3,3,433,"High-Value"
2311,2,2,4,224,"Mid-Value"
2312,3,2,3,323,"Mid-Value"
2313,3,3,3,333,"Mid-Value"
2314,2,1,2,212,"Low-Value"
2315,1,2,1,121,"Low-Value"
2316,2,1,1,211,"Low-Value"
2317,2,2,2,222,"Mid-Value"
2318,4,3,3,433,"High-Value"
2319,4,1,4,414,"High-Value"
2320,3,1,1,311,"Mid-Value"
2321,1,1,3,113,"Low-Value"
2322,2,1,2,212,"Low-Value"
2323,1,1,2,112,"Low-Value"
2324,2,1,1,211,"Low-Value"
2325,1,2,2,122,"Low-Value"
2326,1,1,1,111,"Low-Value"
2327,1,1,2,112,"Low-Value"
2328,1,1,1,111,"Low-Value"
2329,4,2,2,422,"High-Value"
2330,4,1,1,411,"High-Value"
2331,3,3,3,333,"Mid-Value"
2332,3,1,1,311,"Mid-Value"
2333,1,1,2,112,"Low-Value"
2334,2,1,1,211,"Low-Value"
2335,4,3,3,433,"High-Value"
2336,2,4,4,244,"Mid-Value"
2337,1,1,1,111,"Low-Value"
2338,3,3,3,333,"Mid-Value"
2339,4,4,3,443,"High-Value"
2340,4,4,4,444,"High-Value"
2341,4,3,4,434,"High-Value"
2342,2,1,1,211,"Low-Value"
2343,2,1,3,213,"Low-Value"
2344,2,3,2,232,"Mid-Value"
2345,4,1,4,414,"High-Value"
2346,1,2,3,123,"Low-Value"
2347,2,4,4,244,"Mid-Value"
2348,2,1,1,211,"Low-Value"
2349,2,2,2,222,"Mid-Value"
2350,1,1,1,111,"Low-Value"
2351,2,3,3,233,"Mid-Value"
2352,3,1,1,311,"Mid-Value"
2353,2,4,4,244,"Mid-Value"
2354,3,2,3,323,"Mid-Value"
2355,2,2,4,224,"Mid-Value"
2356,1,1,2,112,"Low-Value"
2357,3,1,2,312,"Mid-Value"
2358,4,4,3,443,"High-Value"
2359,2,4,2,242,"Mid-Value"
2360,3,3,4,334,"Mid-Value"
2361,3,3,4,334,"Mid-Value"
2362,3,1,1,311,"Mid-Value"
2363,2,3,3,233,"Mid-Value"
2364,3,2,4,324,"Mid-Value"
2365,4,2,2,422,"High-Value"
2366,3,2,2,322,"Mid-Value"
2367,3,3,4,334,"Mid-Value"
2368,2,3,4,234,"Mid-Value"
2369,4,4,4,444,"High-Value"
2370,3,1,2,312,"Mid-Value"
2371,1,2,2,122,"Low-Value"
2372,4,4,3,443,"High-Value"
2373,3,1,2,312,"Mid-Value"
2374,4,3,4,434,"High-Value"
2375,3,3,4,334,"Mid-Value"
2376,4,1,2,412,"High-Value"
2377,4,2,4,424,"High-Value"
2378,4,2,2,422,"High-Value"
2379,4,4,4,444,"High-Value"
2380,3,3,3,333,"Mid-Value"
2381,3,3,2,332,"Mid-Value"
2382,3,3,1,331,"Mid-Value"
2383,3,4,4,344,"High-Value"
2384,2,3,3,233,"Mid-Value"
2385,3,4,4,344,"High-Value"
2386,4,3,4,434,"High-Value"
2387,1,1,1,111,"Low-Value"
2388,1,3,4,134,"Low-Value"
2389,4,1,1,411,"High-Value"
2390,2,3,4,234,"Mid-Value"
2391,4,4,4,444,"High-Value"
2392,3,2,1,321,"Mid-Value"
2393,1,1,1,111,"Low-Value"
2394,1,1,1,111,"Low-Value"
2395,2,1,1,211,"Low-Value"
2396,4,1,2,412,"High-Value"
2397,2,4,3,243,"Mid-Value"
2398,1,1,1,111,"Low-Value"
2399,3,3,2,332,"Mid-Value"
2400,3,4,4,344,"High-Value"
2401,3,4,4,344,"High-Value"
2402,2,1,1,211,"Low-Value"
2403,1,2,1,121,"Low-Value"
2404,1,2,3,123,"Low-Value"
2405,3,2,2,322,"Mid-Value"
2406,2,1,1,211,"Low-Value"
2407,2,2,1,221,"Low-Value"
2408,3,1,3,313,"Mid-Value"
2409,2,3,3,233,"Mid-Value"
2410,3,3,3,333,"Mid-Value"
2411,1,1,3,113,"Low-Value"
2412,4,3,3,433,"High-Value"
2413,2,3,4,234,"Mid-Value"
2414,4,1,1,411,"High-Value"
2415,3,2,2,322,"Mid-Value"
2416,1,1,1,111,"Low-Value"
2417,3,1,1,311,"Mid-Value"
2418,4,3,4,434,"High-Value"
2419,2,4,2,242,"Mid-Value"
2420,1,1,1,111,"Low-Value"
2421,4,3,1,431,"High-Value"
2422,3,2,2,322,"Mid-Value"
2423,2,1,1,211,"Low-Value"
2424,2,3,2,232,"Mid-Value"
2425,4,4,3,443,"High-Value"
2426,4,2,3,423,"High-Value"
2427,4,3,4,434,"High-Value"
2428,3,4,4,344,"High-Value"
2429,1,1,3,113,"Low-Value"
2430,1,1,2,112,"Low-Value"
2431,1,1,1,111,"Low-Value"
2432,3,2,2,322,"Mid-Value"
2433,3,4,4,344,"High-Value"
2434,4,4,4,444,"High-Value"
2435,1,2,2,122,"Low-Value"
2436,4,1,1,411,"High-Value"
2437,1,1,1,111,"Low-Value"
2438,3,3,3,333,"Mid-Value"
2439,4,3,2,432,"High-Value"
2440,2,1,1,211,"Low-Value"
2441,3,1,1,311,"Mid-Value"
2442,2,3,2,232,"Mid-Value"
2443,4,3,3,433,"High-Value"
2444,3,1,3,313,"Mid-Value"
2445,4,2,2,422,"High-Value"
2446,2,3,4,234,"Mid-Value"
2447,3,3,3,333,"Mid-Value"
2448,4,3,2,432,"High-Value"
2449,2,2,3,223,"Mid-Value"
2450,3,1,2,312,"Mid-Value"
2451,4,1,1,411,"High-Value"
2452,4,1,1,411,"High-Value"
2453,2,3,2,232,"Mid-Value"
2454,3,4,4,344,"High-Value"
2455,2,4,4,244,"Mid-Value"
2456,1,2,2,122,"Low-Value"
2457,2,3,2,232,"Mid-Value"
2458,4,3,4,434,"High-Value"
2459,2,4,4,244,"Mid-Value"
2460,2,1,1,211,"Low-Value"
2461,3,3,2,332,"Mid-Value"
2462,3,3,3,333,"Mid-Value"
2463,2,4,4,244,"Mid-Value"
2464,4,4,4,444,"High-Value"
2465,4,4,4,444,"High-Value"
2466,3,2,1,321,"Mid-Value"
2467,3,2,2,322,"Mid-Value"
2468,3,4,4,344,"High-Value"
2469,3,3,4,334,"Mid-Value"
2470,4,1,3,413,"High-Value"
2471,4,2,2,422,"High-Value"
2472,2,3,4,234,"Mid-Value"
2473,1,2,2,122,"Low-Value"
2474,2,3,4,234,"Mid-Value"
2475,2,3,4,234,"Mid-Value"
2476,4,4,4,444,"High-Value"
2477,3,1,1,311,"Mid-Value"
2478,1,3,2,132,"Low-Value"
2479,4,3,1,431,"High-Value"
2480,3,2,3,323,"Mid-Value"
2481,3,3,3,333,"Mid-Value"
2482,1,1,1,111,"Low-Value"
2483,2,2,1,221,"Low-Value"
2484,3,2,2,322,"Mid-Value"
2485,4,2,1,421,"High-Value"
2486,1,1,1,111,"Low-Value"
2487,1,1,2,112,"Low-Value"
2488,4,3,2,432,"High-Value"
2489,3,4,4,344,"High-Value"
2490,2,1,1,211,"Low-Value"
2491,1,2,1,121,"Low-Value"
2492,4,4,4,444,"High-Value"
2493,2,1,2,212,"Low-Value"
2494,1,3,3,133,"Low-Value"
2495,3,4,2,342,"High-Value"
2496,1,2,1,121,"Low-Value"
2497,2,1,3,213,"Low-Value"
2498,4,4,3,443,"High-Value"
2499,1,1,2,112,"Low-Value"
2500,3,1,1,311,"Mid-Value"
2501,4,3,2,432,"High-Value"
2502,4,2,2,422,"High-Value"
2503,1,1,2,112,"Low-Value"
2504,1,2,3,123,"Low-Value"
2505,4,4,3,443,"High-Value"
2506,1,1,3,113,"Low-Value"
2507,2,1,3,213,"Low-Value"
2508,2,4,4,244,"Mid-Value"
2509,3,4,3,343,"High-Value"
2510,1,3,4,134,"Low-Value"
2511,3,1,2,312,"Mid-Value"
2512,1,3,1,131,"Low-Value"
2513,1,3,3,133,"Low-Value"
2514,2,1,2,212,"Low-Value"
2515,3,1,2,312,"Mid-Value"
2516,2,1,1,211,"Low-Value"
2517,1,1,3,113,"Low-Value"
2518,2,2,4,224,"Mid-Value"
2519,1,1,1,111,"Low-Value"
2520,4,2,2,422,"High-Value"
2521,1,1,2,112,"Low-Value"
2522,3,3,2,332,"Mid-Value"
2523,4,4,4,444,"High-Value"
2524,1,3,2,132,"Low-Value"
2525,1,1,1,111,"Low-Value"
2526,2,3,2,232,"Mid-Value"
2527,3,3,4,334,"Mid-Value"
2528,3,3,4,334,"Mid-Value"
2529,1,3,3,133,"Low-Value"
2530,4,3,1,431,"High-Value"
2531,4,3,3,433,"High-Value"
2532,1,1,1,111,"Low-Value"
2533,4,1,1,411,"High-Value"
2534,3,3,2,332,"Mid-Value"
2535,4,3,3,433,"High-Value"
2536,4,3,4,434,"High-Value"
2537,3,4,4,344,"High-Value"
2538,3,4,4,344,"High-Value"
2539,3,2,3,323,"Mid-Value"
2540,3,3,3,333,"Mid-Value"
2541,3,1,2,312,"Mid-Value"
2542,3,3,4,334,"Mid-Value"
2543,3,1,4,314,"Mid-Value"
2544,3,3,3,333,"Mid-Value"
2545,1,1,2,112,"Low-Value"
2546,3,1,1,311,"Mid-Value"
2547,1,1,1,111,"Low-Value"
2548,4,4,4,444,"High-Value"
2549,2,1,2,212,"Low-Value"
2550,4,2,3,423,"High-Value"
2551,1,1,2,112,"Low-Value"
2552,3,3,4,334,"Mid-Value"
2553,1,1,2,112,"Low-Value"
2554,2,2,3,223,"Mid-Value"
2555,4,2,4,424,"High-Value"
2556,4,1,1,411,"High-Value"
2557,3,1,4,314,"Mid-Value"
2558,3,1,3,313,"Mid-Value"
2559,4,3,2,432,"High-Value"
2560,3,4,4,344,"High-Value"
2561,4,1,4,414,"High-Value"
2562,1,3,3,133,"Low-Value"
2563,2,2,1,221,"Low-Value"
2564,2,2,1,221,"Low-Value"
2565,3,4,4,344,"High-Value"
2566,4,4,3,443,"High-Value"
2567,2,1,2,212,"Low-Value"
2568,2,1,1,211,"Low-Value"
2569,2,3,3,233,"Mid-Value"
2570,1,4,4,144,"Low-Value"
2571,3,1,2,312,"Mid-Value"
2572,2,4,4,244,"Mid-Value"
2573,4,1,2,412,"High-Value"
2574,3,4,4,344,"High-Value"
2575,4,2,2,422,"High-Value"
2576,2,3,2,232,"Mid-Value"
2577,1,3,2,132,"Low-Value"
2578,3,1,2,312,"Mid-Value"
2579,2,1,1,211,"Low-Value"
2580,2,4,4,244,"Mid-Value"
2581,1,2,3,123,"Low-Value"
2582,2,2,3,223,"Mid-Value"
2583,1,1,2,112,"Low-Value"
2584,3,2,2,322,"Mid-Value"
2585,4,3,3,433,"High-Value"
2586,3,1,1,311,"Mid-Value"
2587,2,4,4,244,"Mid-Value"
2588,1,1,3,113,"Low-Value"
2589,2,2,3,223,"Mid-Value"
2590,2,3,4,234,"Mid-Value"
2591,3,3,4,334,"Mid-Value"
2592,3,4,4,344,"High-Value"
2593,2,1,1,211,"Low-Value"
2594,1,3,4,134,"Low-Value"
2595,3,4,4,344,"High-Value"
2596,2,2,3,223,"Mid-Value"
2597,4,3,3,433,"High-Value"
2598,2,2,3,223,"Mid-Value"
2599,2,3,3,233,"Mid-Value"
2600,1,1,3,113,"Low-Value"
2601,3,4,4,344,"High-Value"
2602,2,4,4,244,"Mid-Value"
2603,4,3,4,434,"High-Value"
2604,2,3,3,233,"Mid-Value"
2605,1,2,4,124,"Low-Value"
2606,4,4,4,444,"High-Value"
2607,4,4,2,442,"High-Value"
2608,4,3,1,431,"High-Value"
2609,1,3,2,132,"Low-Value"
2610,1,4,4,144,"Low-Value"
2611,4,3,2,432,"High-Value"
2612,1,1,1,111,"Low-Value"
2613,1,2,3,123,"Low-Value"
2614,3,1,3,313,"Mid-Value"
2615,2,4,4,244,"Mid-Value"
2616,3,4,4,344,"High-Value"
2617,1,3,4,134,"Low-Value"
2618,4,4,3,443,"High-Value"
2619,2,1,2,212,"Low-Value"
2620,3,4,4,344,"High-Value"
2621,4,3,3,433,"High-Value"
2622,4,3,3,433,"High-Value"
2623,4,1,3,413,"High-Value"
2624,3,1,2,312,"Mid-Value"
2625,2,1,1,211,"Low-Value"
2626,3,1,2,312,"Mid-Value"
2627,3,3,4,334,"Mid-Value"
2628,1,1,2,112,"Low-Value"
2629,3,3,4,334,"Mid-Value"
2630,2,4,4,244,"Mid-Value"
2631,3,1,1,311,"Mid-Value"
2632,4,1,3,413,"High-Value"
2633,4,4,3,443,"High-Value"
2634,1,1,1,111,"Low-Value"
2635,2,4,4,244,"Mid-Value"
2636,3,1,1,311,"Mid-Value"
2637,2,4,4,244,"Mid-Value"
2638,2,4,3,243,"Mid-Value"
2639,3,2,3,323,"Mid-Value"
2640,2,4,4,244,"Mid-Value"
2641,4,3,2,432,"High-Value"
2642,3,1,2,312,"Mid-Value"
2643,2,1,1,211,"Low-Value"
2644,2,1,1,211,"Low-Value"
2645,3,3,1,331,"Mid-Value"
2646,1,2,2,122,"Low-Value"
2647,4,4,3,443,"High-Value"
2648,3,2,4,324,"Mid-Value"
2649,1,1,3,113,"Low-Value"
2650,3,3,2,332,"Mid-Value"
2651,4,4,4,444,"High-Value"
2652,3,2,4,324,"Mid-Value"
2653,4,4,4,444,"High-Value"
2654,1,4,4,144,"Low-Value"
2655,1,3,4,134,"Low-Value"
2656,1,3,4,134,"Low-Value"
2657,1,1,2,112,"Low-Value"
2658,3,2,1,321,"Mid-Value"
2659,4,4,4,444,"High-Value"
2661,4,2,3,423,"High-Value"
2662,2,4,4,244,"Mid-Value"
2663,1,2,2,122,"Low-Value"
2664,1,3,3,133,"Low-Value"
2665,3,1,3,313,"Mid-Value"
2666,1,1,1,111,"Low-Value"
2667,1,2,2,122,"Low-Value"
2668,2,2,1,221,"Low-Value"
2669,2,1,1,211,"Low-Value"
2670,2,1,1,211,"Low-Value"
2671,1,3,3,133,"Low-Value"
2672,4,4,2,442,"High-Value"
2673,1,2,1,121,"Low-Value"
2674,3,2,3,323,"Mid-Value"
2675,1,2,2,122,"Low-Value"
2676,4,3,3,433,"High-Value"
2677,3,2,2,322,"Mid-Value"
2678,1,2,3,123,"Low-Value"
2679,2,3,3,233,"Mid-Value"
2680,4,4,3,443,"High-Value"
2681,2,2,2,222,"Mid-Value"
2682,3,4,3,343,"High-Value"
2683,4,3,4,434,"High-Value"
2684,3,4,4,344,"High-Value"
2685,3,3,3,333,"Mid-Value"
2686,3,4,4,344,"High-Value"
2687,4,3,3,433,"High-Value"
2688,1,1,1,111,"Low-Value"
2689,4,2,1,421,"High-Value"
2690,1,1,1,111,"Low-Value"
2691,2,4,3,243,"Mid-Value"
2692,3,1,1,311,"Mid-Value"
2693,4,3,2,432,"High-Value"
2694,3,1,1,311,"Mid-Value"
2695,4,4,4,444,"High-Value"
2696,1,1,4,114,"Low-Value"
2697,3,3,4,334,"Mid-Value"
2698,4,3,3,433,"High-Value"
2699,2,2,1,221,"Low-Value"
2700,2,1,1,211,"Low-Value"
2701,2,4,4,244,"Mid-Value"
2702,3,4,4,344,"High-Value"
2703,3,3,3,333,"Mid-Value"
2704,1,1,1,111,"Low-Value"
2705,4,4,4,444,"High-Value"
2706,1,1,1,111,"Low-Value"
2707,3,1,1,311,"Mid-Value"
2708,4,1,2,412,"High-Value"
2709,4,2,2,422,"High-Value"
2710,4,1,1,411,"High-Value"
2711,2,3,3,233,"Mid-Value"
2712,4,3,3,433,"High-Value"
2713,4,1,1,411,"High-Value"
2714,4,2,1,421,"High-Value"
2715,1,2,3,123,"Low-Value"
2716,1,1,1,111,"Low-Value"
2717,3,4,4,344,"High-Value"
2718,1,3,3,133,"Low-Value"
2719,4,1,1,411,"High-Value"
2720,1,1,1,111,"Low-Value"
2721,1,1,1,111,"Low-Value"
2722,2,3,2,232,"Mid-Value"
2723,3,4,4,344,"High-Value"
2724,1,1,2,112,"Low-Value"
2725,1,1,1,111,"Low-Value"
2726,3,4,4,344,"High-Value"
2727,2,2,4,224,"Mid-Value"
2728,4,4,3,443,"High-Value"
2729,4,3,4,434,"High-Value"
2730,4,3,1,431,"High-Value"
2731,4,1,1,411,"High-Value"
2732,4,4,2,442,"High-Value"
2733,3,4,4,344,"High-Value"
2734,2,1,1,211,"Low-Value"
2735,1,1,1,111,"Low-Value"
2736,3,2,2,322,"Mid-Value"
2737,4,4,4,444,"High-Value"
2738,2,2,1,221,"Low-Value"
2739,1,1,1,111,"Low-Value"
2740,3,4,4,344,"High-Value"
2741,3,1,2,312,"Mid-Value"
2742,1,1,2,112,"Low-Value"
2743,2,1,1,211,"Low-Value"
2744,1,1,1,111,"Low-Value"
2745,1,1,2,112,"Low-Value"
2746,4,1,2,412,"High-Value"
2747,4,4,4,444,"High-Value"
2748,4,1,2,412,"High-Value"
2749,3,1,1,311,"Mid-Value"
2750,3,4,4,344,"High-Value"
2751,4,4,3,443,"High-Value"
2752,4,1,3,413,"High-Value"
2753,2,4,4,244,"Mid-Value"
2754,1,1,3,113,"Low-Value"
2755,3,4,4,344,"High-Value"
2756,2,1,1,211,"Low-Value"
2757,1,1,3,113,"Low-Value"
2758,2,1,1,211,"Low-Value"
2759,1,2,3,123,"Low-Value"
2760,3,1,1,311,"Mid-Value"
2761,4,4,4,444,"High-Value"
2762,4,4,4,444,"High-Value"
2763,3,4,3,343,"High-Value"
2764,2,1,1,211,"Low-Value"
2765,2,3,3,233,"Mid-Value"
2766,2,3,4,234,"Mid-Value"
2767,2,1,1,211,"Low-Value"
2768,3,3,3,333,"Mid-Value"
2769,2,3,4,234,"Mid-Value"
2770,3,4,4,344,"High-Value"
2771,3,2,4,324,"Mid-Value"
2772,3,2,2,322,"Mid-Value"
2773,4,1,2,412,"High-Value"
2774,2,2,1,221,"Low-Value"
2775,4,3,2,432,"High-Value"
2776,2,1,1,211,"Low-Value"
2777,1,3,3,133,"Low-Value"
2778,4,2,3,423,"High-Value"
2779,4,2,3,423,"High-Value"
2780,4,2,3,423,"High-Value"
2781,2,1,1,211,"Low-Value"
2782,1,2,3,123,"Low-Value"
2783,2,4,2,242,"Mid-Value"
2784,2,1,1,211,"Low-Value"
2785,3,3,3,333,"Mid-Value"
2786,4,3,2,432,"High-Value"
2787,3,3,4,334,"Mid-Value"
2788,3,4,4,344,"High-Value"
2789,3,1,1,311,"Mid-Value"
2790,2,1,1,211,"Low-Value"
2791,4,3,4,434,"High-Value"
2792,1,1,2,112,"Low-Value"
2793,3,3,3,333,"Mid-Value"
2794,4,3,4,434,"High-Value"
2795,1,1,1,111,"Low-Value"
2796,4,3,3,433,"High-Value"
2797,2,3,1,231,"Mid-Value"
2798,1,2,1,121,"Low-Value"
2799,3,4,4,344,"High-Value"
2800,3,2,1,321,"Mid-Value"
2801,3,2,1,321,"Mid-Value"
2802,1,1,1,111,"Low-Value"
2803,3,3,2,332,"Mid-Value"
2804,2,3,3,233,"Mid-Value"
2805,4,2,4,424,"High-Value"
2806,2,4,3,243,"Mid-Value"
2807,1,1,1,111,"Low-Value"
2808,4,2,4,424,"High-Value"
2809,2,1,1,211,"Low-Value"
2810,2,3,1,231,"Mid-Value"
2811,3,2,2,322,"Mid-Value"
2812,2,3,4,234,"Mid-Value"
2813,1,1,2,112,"Low-Value"
2814,4,1,3,413,"High-Value"
2815,3,4,4,344,"High-Value"
2816,4,4,4,444,"High-Value"
2817,4,1,1,411,"High-Value"
2818,1,1,3,113,"Low-Value"
2819,1,1,2,112,"Low-Value"
2820,2,3,4,234,"Mid-Value"
2821,2,2,1,221,"Low-Value"
2822,4,4,4,444,"High-Value"
2823,4,1,1,411,"High-Value"
2824,1,3,4,134,"Low-Value"
2825,1,1,2,112,"Low-Value"
2826,4,4,4,444,"High-Value"
2827,1,2,2,122,"Low-Value"
2828,1,1,1,111,"Low-Value"
2829,1,1,1,111,"Low-Value"
2830,1,2,2,122,"Low-Value"
2831,4,2,3,423,"High-Value"
2832,3,4,3,343,"High-Value"
2833,4,3,2,432,"High-Value"
2834,2,1,2,212,"Low-Value"
2835,1,1,1,111,"Low-Value"
2836,4,4,4,444,"High-Value"
2837,3,3,3,333,"Mid-Value"
2838,4,1,1,411,"High-Value"
2839,4,4,2,442,"High-Value"
2840,4,1,1,411,"High-Value"
2841,4,3,4,434,"High-Value"
2842,3,1,1,311,"Mid-Value"
2843,3,3,3,333,"Mid-Value"
2844,3,3,3,333,"Mid-Value"
2845,2,4,2,242,"Mid-Value"
2846,4,1,1,411,"High-Value"
2847,3,3,4,334,"Mid-Value"
2848,4,1,3,413,"High-Value"
2849,1,1,1,111,"Low-Value"
2850,4,4,4,444,"High-Value"
2851,4,4,3,443,"High-Value"
2852,3,3,3,333,"Mid-Value"
2853,2,4,4,244,"Mid-Value"
2854,2,1,2,212,"Low-Value"
2855,3,1,1,311,"Mid-Value"
2856,4,3,4,434,"High-Value"
2857,1,3,4,134,"Low-Value"
2858,1,1,3,113,"Low-Value"
2859,4,4,4,444,"High-Value"
2860,4,4,4,444,"High-Value"
2861,2,4,4,244,"Mid-Value"
2862,4,2,2,422,"High-Value"
2863,1,1,1,111,"Low-Value"
2864,4,1,3,413,"High-Value"
2865,4,3,4,434,"High-Value"
2866,2,1,2,212,"Low-Value"
2867,1,2,1,121,"Low-Value"
2868,3,1,2,312,"Mid-Value"
2869,1,3,2,132,"Low-Value"
2870,1,1,1,111,"Low-Value"
2871,3,3,2,332,"Mid-Value"
2872,3,3,3,333,"Mid-Value"
2873,1,1,2,112,"Low-Value"
2874,2,4,4,244,"Mid-Value"
2875,3,1,3,313,"Mid-Value"
2877,3,4,4,344,"High-Value"
2878,4,1,1,411,"High-Value"
2879,4,4,4,444,"High-Value"
2880,4,4,4,444,"High-Value"
2881,2,3,3,233,"Mid-Value"
2882,1,1,1,111,"Low-Value"
2883,2,3,4,234,"Mid-Value"
2884,4,4,3,443,"High-Value"
2885,1,4,4,144,"Low-Value"
2886,3,4,3,343,"High-Value"
2887,3,4,4,344,"High-Value"
2888,3,3,4,334,"Mid-Value"
2889,1,2,4,124,"Low-Value"
2890,2,3,3,233,"Mid-Value"
2891,2,3,4,234,"Mid-Value"
2892,4,2,3,423,"High-Value"
2893,2,1,3,213,"Low-Value"
2894,2,4,4,244,"Mid-Value"
2895,1,1,1,111,"Low-Value"
2896,1,1,1,111,"Low-Value"
2897,2,2,3,223,"Mid-Value"
2898,2,1,2,212,"Low-Value"
2899,3,3,2,332,"Mid-Value"
2900,2,1,2,212,"Low-Value"
2901,3,3,4,334,"Mid-Value"
2902,1,1,1,111,"Low-Value"
2903,3,1,1,311,"Mid-Value"
2904,3,3,3,333,"Mid-Value"
2905,4,1,1,411,"High-Value"
2906,3,1,1,311,"Mid-Value"
2907,2,3,4,234,"Mid-Value"
2908,4,3,2,432,"High-Value"
2909,2,3,4,234,"Mid-Value"
2910,2,3,2,232,"Mid-Value"
2911,1,1,1,111,"Low-Value"
2912,2,4,4,244,"Mid-Value"
2913,1,3,1,131,"Low-Value"
2914,4,4,4,444,"High-Value"
2915,3,3,1,331,"Mid-Value"
2916,3,3,2,332,"Mid-Value"
2917,1,2,3,123,"Low-Value"
2918,2,3,3,233,"Mid-Value"
2919,3,3,3,333,"Mid-Value"
2920,1,1,1,111,"Low-Value"
2921,2,2,2,222,"Mid-Value"
2922,4,2,3,423,"High-Value"
2923,4,3,3,433,"High-Value"
2924,2,3,2,232,"Mid-Value"
2925,1,2,2,122,"Low-Value"
2926,1,1,1,111,"Low-Value"
2927,1,1,2,112,"Low-Value"
2928,1,2,3,123,"Low-Value"
2929,4,4,4,444,"High-Value"
2930,2,3,3,233,"Mid-Value"
2931,2,3,1,231,"Mid-Value"
2932,3,4,4,344,"High-Value"
2933,1,2,1,121,"Low-Value"
2934,2,3,3,233,"Mid-Value"
2935,4,3,2,432,"High-Value"
2936,2,3,4,234,"Mid-Value"
2937,4,3,4,434,"High-Value"
2938,1,2,4,124,"Low-Value"
2939,1,1,1,111,"Low-Value"
2940,1,3,4,134,"Low-Value"
2941,1,2,2,122,"Low-Value"
2942,4,4,3,443,"High-Value"
2943,2,3,2,232,"Mid-Value"
2944,3,3,1,331,"Mid-Value"
2945,2,1,1,211,"Low-Value"
2946,3,4,3,343,"High-Value"
2947,4,2,3,423,"High-Value"
2948,1,2,2,122,"Low-Value"
2949,4,1,1,411,"High-Value"
2950,2,1,1,211,"Low-Value"
2951,2,4,4,244,"Mid-Value"
2952,3,2,2,322,"Mid-Value"
2953,2,2,3,223,"Mid-Value"
2954,4,2,2,422,"High-Value"
2955,3,4,4,344,"High-Value"
2956,1,3,2,132,"Low-Value"
2957,1,1,3,113,"Low-Value"
2958,4,3,2,432,"High-Value"
2959,1,1,2,112,"Low-Value"
2960,1,1,3,113,"Low-Value"
2961,4,3,4,434,"High-Value"
2962,2,1,1,211,"Low-Value"
2963,1,1,1,111,"Low-Value"
2964,1,1,2,112,"Low-Value"
2965,1,3,2,132,"Low-Value"
2966,3,2,2,322,"Mid-Value"
2967,4,1,2,412,"High-Value"
2968,1,3,1,131,"Low-Value"
2969,4,3,3,433,"High-Value"
2970,1,1,1,111,"Low-Value"
2971,3,1,1,311,"Mid-Value"
2972,2,1,1,211,"Low-Value"
2973,1,1,2,112,"Low-Value"
2974,1,1,1,111,"Low-Value"
2975,1,1,2,112,"Low-Value"
2976,4,1,3,413,"High-Value"
2977,4,2,2,422,"High-Value"
2978,1,1,1,111,"Low-Value"
2979,1,1,2,112,"Low-Value"
2980,4,3,2,432,"High-Value"
2981,2,3,1,231,"Mid-Value"
2982,1,3,4,134,"Low-Value"
2983,1,2,3,123,"Low-Value"
2984,1,1,3,113,"Low-Value"
2985,3,4,4,344,"High-Value"
2986,3,4,4,344,"High-Value"
2987,2,1,2,212,"Low-Value"
2988,3,4,3,343,"High-Value"
2989,2,4,4,244,"Mid-Value"
2990,4,3,2,432,"High-Value"
2991,2,3,2,232,"Mid-Value"
2992,4,4,4,444,"High-Value"
2993,4,4,4,444,"High-Value"
2994,4,1,1,411,"High-Value"
2995,4,2,3,423,"High-Value"
2996,3,1,1,311,"Mid-Value"
2997,3,3,2,332,"Mid-Value"
2998,2,1,2,212,"Low-Value"
2999,4,4,4,444,"High-Value"
3000,3,1,3,313,"Mid-Value"
3001,1,1,3,113,"Low-Value"
3002,3,3,1,331,"Mid-Value"
3003,1,4,4,144,"Low-Value"
3004,1,2,3,123,"Low-Value"
3005,1,1,2,112,"Low-Value"
3006,3,1,3,313,"Mid-Value"
3007,4,3,4,434,"High-Value"
3008,4,3,3,433,"High-Value"
3009,1,1,2,112,"Low-Value"
3010,1,2,2,122,"Low-Value"
3011,3,1,1,311,"Mid-Value"
3012,4,3,4,434,"High-Value"
3013,4,4,3,443,"High-Value"
3014,3,4,4,344,"High-Value"
3015,2,4,4,244,"Mid-Value"
3016,4,2,4,424,"High-Value"
3017,1,1,3,113,"Low-Value"
3018,3,2,2,322,"Mid-Value"
3019,2,1,1,211,"Low-Value"
3020,3,4,2,342,"High-Value"
3021,2,3,3,233,"Mid-Value"
3022,3,2,2,322,"Mid-Value"
3023,1,1,1,111,"Low-Value"
3024,2,1,1,211,"Low-Value"
3025,1,1,1,111,"Low-Value"
3026,1,2,1,121,"Low-Value"
3027,3,2,1,321,"Mid-Value"
3028,2,1,3,213,"Low-Value"
3029,1,1,2,112,"Low-Value"
3030,3,3,2,332,"Mid-Value"
3031,4,2,3,423,"High-Value"
3032,3,3,4,334,"Mid-Value"
3033,1,1,1,111,"Low-Value"
3034,2,2,2,222,"Mid-Value"
3035,3,2,2,322,"Mid-Value"
3036,1,2,3,123,"Low-Value"
3037,1,1,1,111,"Low-Value"
3038,2,3,3,233,"Mid-Value"
3039,2,4,4,244,"Mid-Value"
3040,1,1,1,111,"Low-Value"
3041,1,1,1,111,"Low-Value"
3042,4,3,1,431,"High-Value"
3043,4,1,2,412,"High-Value"
3044,4,4,4,444,"High-Value"
3045,2,2,4,224,"Mid-Value"
3046,1,1,3,113,"Low-Value"
3047,3,2,3,323,"Mid-Value"
3048,4,4,4,444,"High-Value"
3049,3,1,2,312,"Mid-Value"
3050,2,4,4,244,"Mid-Value"
3051,1,1,2,112,"Low-Value"
3052,2,1,1,211,"Low-Value"
3053,1,1,2,112,"Low-Value"
3054,4,2,3,423,"High-Value"
3055,2,4,4,244,"Mid-Value"
3056,3,1,1,311,"Mid-Value"
3057,3,3,4,334,"Mid-Value"
3058,3,2,4,324,"Mid-Value"
3059,1,1,2,112,"Low-Value"
3060,3,4,4,344,"High-Value"
3061,2,4,3,243,"Mid-Value"
3062,2,3,3,233,"Mid-Value"
3063,1,1,1,111,"Low-Value"
3064,2,3,2,232,"Mid-Value"
3065,4,2,1,421,"High-Value"
3066,1,1,1,111,"Low-Value"
3067,3,3,3,333,"Mid-Value"
3068,2,3,3,233,"Mid-Value"
3069,2,1,1,211,"Low-Value"
3070,1,1,1,111,"Low-Value"
3071,1,1,1,111,"Low-Value"
3072,2,3,3,233,"Mid-Value"
3073,1,1,1,111,"Low-Value"
3074,4,3,4,434,"High-Value"
3075,2,3,2,232,"Mid-Value"
3076,1,1,2,112,"Low-Value"
3077,4,3,3,433,"High-Value"
3078,1,1,1,111,"Low-Value"
3079,1,1,2,112,"Low-Value"
3080,4,4,4,444,"High-Value"
3081,1,3,4,134,"Low-Value"
3082,4,2,1,421,"High-Value"
3083,2,3,2,232,"Mid-Value"
3084,4,3,3,433,"High-Value"
3085,3,1,1,311,"Mid-Value"
3086,4,4,4,444,"High-Value"
3087,2,3,3,233,"Mid-Value"
3088,4,3,2,432,"High-Value"
3089,3,1,3,313,"Mid-Value"
3090,1,2,3,123,"Low-Value"
3091,1,1,1,111,"Low-Value"
3092,1,1,1,111,"Low-Value"
3093,2,4,3,243,"Mid-Value"
3094,1,3,3,133,"Low-Value"
3095,3,2,3,323,"Mid-Value"
3096,4,1,2,412,"High-Value"
3097,2,1,2,212,"Low-Value"
3098,3,1,3,313,"Mid-Value"
3099,2,1,2,212,"Low-Value"
3100,3,1,3,313,"Mid-Value"
3101,2,1,1,211,"Low-Value"
3102,1,1,3,113,"Low-Value"
3103,2,4,4,244,"Mid-Value"
3104,2,2,3,223,"Mid-Value"
3105,4,3,4,434,"High-Value"
3106,1,1,2,112,"Low-Value"
3107,1,1,3,113,"Low-Value"
3108,2,3,4,234,"Mid-Value"
3109,1,2,3,123,"Low-Value"
3110,4,1,1,411,"High-Value"
3111,2,1,1,211,"Low-Value"
3112,4,4,3,443,"High-Value"
3113,1,4,4,144,"Low-Value"
3114,4,1,2,412,"High-Value"
3115,1,2,3,123,"Low-Value"
3116,1,2,1,121,"Low-Value"
3117,3,4,4,344,"High-Value"
3118,4,4,4,444,"High-Value"
3119,4,1,2,412,"High-Value"
3120,3,3,4,334,"Mid-Value"
3121,2,3,3,233,"Mid-Value"
3122,1,1,3,113,"Low-Value"
3123,4,1,1,411,"High-Value"
3124,3,1,1,311,"Mid-Value"
3125,4,1,1,411,"High-Value"
3126,3,4,4,344,"High-Value"
3127,3,1,3,313,"Mid-Value"
3128,1,2,3,123,"Low-Value"
3129,4,2,3,423,"High-Value"
3130,4,2,3,423,"High-Value"
3131,4,4,2,442,"High-Value"
3132,3,2,3,323,"Mid-Value"
3133,4,3,2,432,"High-Value"
3134,2,3,4,234,"Mid-Value"
3135,1,3,3,133,"Low-Value"
3136,3,1,1,311,"Mid-Value"
3137,1,3,1,131,"Low-Value"
3138,2,1,3,213,"Low-Value"
3139,4,1,1,411,"High-Value"
3140,3,1,1,311,"Mid-Value"
3141,2,3,1,231,"Mid-Value"
3142,4,1,1,411,"High-Value"
3143,3,4,3,343,"High-Value"
3144,2,1,1,211,"Low-Value"
3145,2,3,3,233,"Mid-Value"
3146,2,4,4,244,"Mid-Value"
3147,4,3,1,431,"High-Value"
3148,2,3,3,233,"Mid-Value"
3149,3,1,2,312,"Mid-Value"
3150,2,3,1,231,"Mid-Value"
3151,4,4,3,443,"High-Value"
3152,4,3,2,432,"High-Value"
3153,1,2,4,124,"Low-Value"
3154,4,3,2,432,"High-Value"
3155,3,1,1,311,"Mid-Value"
3156,4,1,1,411,"High-Value"
3157,4,4,4,444,"High-Value"
3158,4,3,2,432,"High-Value"
3159,3,1,3,313,"Mid-Value"
3160,2,1,2,212,"Low-Value"
3161,2,1,1,211,"Low-Value"
3162,1,1,2,112,"Low-Value"
3163,4,3,1,431,"High-Value"
3164,1,2,2,122,"Low-Value"
3165,2,4,3,243,"Mid-Value"
3166,2,3,4,234,"Mid-Value"
3167,2,1,2,212,"Low-Value"
3168,1,1,4,114,"Low-Value"
3169,4,3,4,434,"High-Value"
3170,3,3,4,334,"Mid-Value"
3171,2,1,2,212,"Low-Value"
3172,2,1,1,211,"Low-Value"
3173,3,3,4,334,"Mid-Value"
3174,3,3,2,332,"Mid-Value"
3175,1,1,2,112,"Low-Value"
3176,3,4,2,342,"High-Value"
3177,2,3,2,232,"Mid-Value"
3178,3,2,4,324,"Mid-Value"
3179,1,1,1,111,"Low-Value"
3180,1,1,1,111,"Low-Value"
3181,4,3,4,434,"High-Value"
3182,2,1,1,211,"Low-Value"
3183,4,4,2,442,"High-Value"
3184,2,4,4,244,"Mid-Value"
3185,4,3,2,432,"High-Value"
3186,3,2,4,324,"Mid-Value"
3187,2,2,1,221,"Low-Value"
3188,1,2,1,121,"Low-Value"
3189,2,1,1,211,"Low-Value"
3190,1,4,2,142,"Low-Value"
3191,4,4,4,444,"High-Value"
3192,1,1,3,113,"Low-Value"
3193,4,3,2,432,"High-Value"
3194,2,1,2,212,"Low-Value"
3195,2,4,3,243,"Mid-Value"
3196,2,3,3,233,"Mid-Value"
3197,4,2,2,422,"High-Value"
3198,1,1,3,113,"Low-Value"
3199,4,4,4,444,"High-Value"
3200,3,2,1,321,"Mid-Value"
3201,3,3,4,334,"Mid-Value"
3202,4,4,3,443,"High-Value"
3203,4,1,1,411,"High-Value"
3204,3,4,3,343,"High-Value"
3205,1,3,2,132,"Low-Value"
3206,2,3,3,233,"Mid-Value"
3207,2,2,1,221,"Low-Value"
3208,2,4,4,244,"Mid-Value"
3209,4,1,1,411,"High-Value"
3210,4,2,2,422,"High-Value"
3211,3,1,2,312,"Mid-Value"
3212,1,3,4,134,"Low-Value"
3213,2,2,2,222,"Mid-Value"
3214,2,1,3,213,"Low-Value"
3215,2,3,4,234,"Mid-Value"
3216,4,1,1,411,"High-Value"
3217,4,4,4,444,"High-Value"
3218,1,2,1,121,"Low-Value"
3219,3,4,2,342,"High-Value"
3220,3,4,4,344,"High-Value"
3221,1,4,4,144,"Low-Value"
3222,4,1,1,411,"High-Value"
3223,3,3,4,334,"Mid-Value"
3224,2,4,3,243,"Mid-Value"
3225,4,3,4,434,"High-Value"
3226,3,1,1,311,"Mid-Value"
3227,4,3,3,433,"High-Value"
3228,3,3,4,334,"Mid-Value"
3230,2,2,3,223,"Mid-Value"
3231,4,3,3,433,"High-Value"
3232,4,4,4,444,"High-Value"
3233,2,1,1,211,"Low-Value"
3234,1,1,1,111,"Low-Value"
3235,1,1,1,111,"Low-Value"
3237,1,3,3,133,"Low-Value"
3238,3,2,2,322,"Mid-Value"
3239,4,3,1,431,"High-Value"
3240,3,4,4,344,"High-Value"
3241,4,3,3,433,"High-Value"
3242,2,3,4,234,"Mid-Value"
3243,1,1,1,111,"Low-Value"
3244,3,1,1,311,"Mid-Value"
3245,1,3,2,132,"Low-Value"
3246,1,2,2,122,"Low-Value"
3247,3,4,3,343,"High-Value"
3248,2,1,1,211,"Low-Value"
3249,3,3,4,334,"Mid-Value"
3250,2,3,2,232,"Mid-Value"
3251,4,4,4,444,"High-Value"
3252,4,3,2,432,"High-Value"
3253,4,1,3,413,"High-Value"
3254,3,3,1,331,"Mid-Value"
3255,4,3,4,434,"High-Value"
3256,4,4,4,444,"High-Value"
3257,4,1,2,412,"High-Value"
3258,4,4,4,444,"High-Value"
3259,3,1,1,311,"Mid-Value"
3260,1,1,2,112,"Low-Value"
3261,3,3,4,334,"Mid-Value"
3262,4,4,4,444,"High-Value"
3263,3,2,1,321,"Mid-Value"
3264,3,4,4,344,"High-Value"
3265,1,3,1,131,"Low-Value"
3266,2,3,2,232,"Mid-Value"
3267,1,3,4,134,"Low-Value"
3268,1,3,4,134,"Low-Value"
3269,3,1,2,312,"Mid-Value"
3270,1,2,2,122,"Low-Value"
3271,1,1,1,111,"Low-Value"
3272,1,1,1,111,"Low-Value"
3273,2,3,4,234,"Mid-Value"
3274,3,2,1,321,"Mid-Value"
3275,4,1,1,411,"High-Value"
3276,2,2,3,223,"Mid-Value"
3277,3,2,2,322,"Mid-Value"
3278,3,2,3,323,"Mid-Value"
3279,1,1,1,111,"Low-Value"
3280,1,4,4,144,"Low-Value"
3281,2,1,1,211,"Low-Value"
3282,4,1,2,412,"High-Value"
3283,3,3,4,334,"Mid-Value"
3284,1,3,3,133,"Low-Value"
3285,3,3,3,333,"Mid-Value"
3286,4,4,4,444,"High-Value"
3287,2,1,3,213,"Low-Value"
3288,3,3,4,334,"Mid-Value"
3289,2,2,3,223,"Mid-Value"
3290,4,4,4,444,"High-Value"
3291,2,1,2,212,"Low-Value"
3292,1,1,1,111,"Low-Value"
3293,4,2,3,423,"High-Value"
3294,2,1,3,213,"Low-Value"
3295,3,4,4,344,"High-Value"
3296,2,4,4,244,"Mid-Value"
3297,2,3,1,231,"Mid-Value"
3298,4,2,4,424,"High-Value"
3299,3,2,2,322,"Mid-Value"
3300,4,3,3,433,"High-Value"
3301,3,2,2,322,"Mid-Value"
3302,3,1,1,311,"Mid-Value"
3303,3,2,2,322,"Mid-Value"
3304,2,4,4,244,"Mid-Value"
3305,3,1,1,311,"Mid-Value"
3306,3,2,3,323,"Mid-Value"
3307,4,2,4,424,"High-Value"
3308,2,1,1,211,"Low-Value"
3309,3,2,2,322,"Mid-Value"
3310,2,2,3,223,"Mid-Value"
3311,2,1,1,211,"Low-Value"
3312,4,1,3,413,"High-Value"
3313,2,3,2,232,"Mid-Value"
3314,2,3,2,232,"Mid-Value"
3315,4,3,4,434,"High-Value"
3316,3,1,2,312,"Mid-Value"
3317,2,1,1,211,"Low-Value"
3318,1,1,3,113,"Low-Value"
3319,3,3,2,332,"Mid-Value"
3320,1,4,2,142,"Low-Value"
3321,1,1,1,111,"Low-Value"
3322,1,1,1,111,"Low-Value"
3323,1,1,1,111,"Low-Value"
3324,3,3,3,333,"Mid-Value"
3325,3,2,3,323,"Mid-Value"
3326,3,4,4,344,"High-Value"
3327,2,3,3,233,"Mid-Value"
3328,3,1,2,312,"Mid-Value"
3329,4,1,2,412,"High-Value"
3330,3,4,3,343,"High-Value"
3331,3,2,3,323,"Mid-Value"
3332,4,3,3,433,"High-Value"
3333,1,2,2,122,"Low-Value"
3334,2,4,2,242,"Mid-Value"
3335,4,3,2,432,"High-Value"
3336,2,3,4,234,"Mid-Value"
3337,4,4,4,444,"High-Value"
3338,4,1,1,411,"High-Value"
3339,3,2,1,321,"Mid-Value"
3340,1,3,2,132,"Low-Value"
3341,2,1,1,211,"Low-Value"
3342,1,3,3,133,"Low-Value"
3343,2,2,1,221,"Low-Value"
3344,4,3,3,433,"High-Value"
3345,3,2,1,321,"Mid-Value"
3346,2,1,1,211,"Low-Value"
3347,1,2,3,123,"Low-Value"
3348,1,1,1,111,"Low-Value"
3349,1,2,2,122,"Low-Value"
3350,3,3,4,334,"Mid-Value"
3351,3,3,3,333,"Mid-Value"
3352,3,3,2,332,"Mid-Value"
3353,3,3,2,332,"Mid-Value"
3354,1,1,2,112,"Low-Value"
3355,4,2,2,422,"High-Value"
3356,4,2,3,423,"High-Value"
3357,3,1,1,311,"Mid-Value"
3358,3,3,4,334,"Mid-Value"
3359,1,1,1,111,"Low-Value"
3360,2,4,4,244,"Mid-Value"
3361,3,3,4,334,"Mid-Value"
3362,2,1,1,211,"Low-Value"
3363,4,3,2,432,"High-Value"
3364,1,2,3,123,"Low-Value"
3365,2,3,3,233,"Mid-Value"
3366,3,1,2,312,"Mid-Value"
3367,2,3,4,234,"Mid-Value"
3368,3,2,3,323,"Mid-Value"
3369,2,3,2,232,"Mid-Value"
3370,3,3,3,333,"Mid-Value"
3371,3,4,4,344,"High-Value"
3372,3,3,2,332,"Mid-Value"
3373,3,2,3,323,"Mid-Value"
3374,4,1,4,414,"High-Value"
3375,4,4,4,444,"High-Value"
3376,1,2,2,122,"Low-Value"
3377,2,3,3,233,"Mid-Value"
3378,2,1,3,213,"Low-Value"
3379,3,3,4,334,"Mid-Value"
3380,2,2,2,222,"Mid-Value"
3381,1,2,4,124,"Low-Value"
3382,3,4,4,344,"High-Value"
3383,3,2,4,324,"Mid-Value"
3384,1,2,2,122,"Low-Value"
3385,2,1,1,211,"Low-Value"
3386,4,1,2,412,"High-Value"
3387,2,4,4,244,"Mid-Value"
3388,1,3,3,133,"Low-Value"
3389,2,3,4,234,"Mid-Value"
3390,4,1,2,412,"High-Value"
3391,3,2,2,322,"Mid-Value"
3392,2,1,1,211,"Low-Value"
3393,4,2,2,422,"High-Value"
3394,3,2,3,323,"Mid-Value"
3395,4,3,2,432,"High-Value"
3396,2,1,1,211,"Low-Value"
3397,1,1,1,111,"Low-Value"
3398,2,2,2,222,"Mid-Value"
3399,3,1,3,313,"Mid-Value"
3400,3,1,1,311,"Mid-Value"
3401,2,3,3,233,"Mid-Value"
3402,4,4,4,444,"High-Value"
3403,1,1,3,113,"Low-Value"
3404,2,2,2,222,"Mid-Value"
3405,2,4,4,244,"Mid-Value"
3406,2,4,4,244,"Mid-Value"
3407,4,3,3,433,"High-Value"
3408,3,2,1,321,"Mid-Value"
3409,2,3,3,233,"Mid-Value"
3410,1,1,1,111,"Low-Value"
3411,3,3,4,334,"Mid-Value"
3412,3,1,2,312,"Mid-Value"
3413,3,1,3,313,"Mid-Value"
3414,1,1,1,111,"Low-Value"
3415,1,2,4,124,"Low-Value"
3416,1,1,1,111,"Low-Value"
3417,1,4,3,143,"Low-Value"
3418,1,2,2,122,"Low-Value"
3419,4,1,2,412,"High-Value"
3420,4,4,4,444,"High-Value"
3421,3,4,4,344,"High-Value"
3422,3,2,2,322,"Mid-Value"
3423,2,1,1,211,"Low-Value"
3424,1,1,2,112,"Low-Value"
3425,4,3,3,433,"High-Value"
3426,3,3,3,333,"Mid-Value"
3427,4,4,3,443,"High-Value"
3428,1,1,1,111,"Low-Value"
3429,1,1,2,112,"Low-Value"
3430,2,3,1,231,"Mid-Value"
3431,3,4,4,344,"High-Value"
3432,1,4,3,143,"Low-Value"
3433,4,4,4,444,"High-Value"
3434,2,2,2,222,"Mid-Value"
3435,1,2,2,122,"Low-Value"
3436,3,3,3,333,"Mid-Value"
3437,1,2,2,122,"Low-Value"
3438,1,2,3,123,"Low-Value"
3439,2,3,2,232,"Mid-Value"
3440,3,2,1,321,"Mid-Value"
3441,1,2,2,122,"Low-Value"
3442,1,1,1,111,"Low-Value"
3443,3,3,3,333,"Mid-Value"
3444,3,1,1,311,"Mid-Value"
3445,4,3,3,433,"High-Value"
3446,4,1,1,411,"High-Value"
3447,2,4,3,243,"Mid-Value"
3448,4,2,2,422,"High-Value"
3449,1,1,1,111,"Low-Value"
3450,1,3,4,134,"Low-Value"
3451,4,4,4,444,"High-Value"
3452,4,1,2,412,"High-Value"
3453,2,3,2,232,"Mid-Value"
3454,1,2,1,121,"Low-Value"
3455,4,3,1,431,"High-Value"
3456,2,1,2,212,"Low-Value"
3457,1,1,2,112,"Low-Value"
3458,1,1,1,111,"Low-Value"
3459,2,1,2,212,"Low-Value"
3460,2,4,4,244,"Mid-Value"
3461,1,3,4,134,"Low-Value"
3462,3,2,4,324,"Mid-Value"
3463,2,1,1,211,"Low-Value"
3465,2,4,4,244,"Mid-Value"
3466,2,1,1,211,"Low-Value"
3467,4,3,4,434,"High-Value"
3468,4,3,1,431,"High-Value"
3469,3,1,1,311,"Mid-Value"
3470,4,4,4,444,"High-Value"
3471,1,1,2,112,"Low-Value"
3472,4,3,2,432,"High-Value"
3473,4,1,1,411,"High-Value"
3474,2,2,2,222,"Mid-Value"
3475,4,1,2,412,"High-Value"
3476,2,2,1,221,"Low-Value"
3477,2,3,3,233,"Mid-Value"
3478,3,3,4,334,"Mid-Value"
3479,3,3,2,332,"Mid-Value"
3480,4,1,1,411,"High-Value"
3481,2,3,2,232,"Mid-Value"
3482,3,4,4,344,"High-Value"
3483,1,3,2,132,"Low-Value"
3484,2,3,4,234,"Mid-Value"
3485,3,1,2,312,"Mid-Value"
3486,4,1,3,413,"High-Value"
3487,4,1,2,412,"High-Value"
3488,4,1,1,411,"High-Value"
3489,1,3,2,132,"Low-Value"
3490,1,2,2,122,"Low-Value"
3491,1,1,1,111,"Low-Value"
3492,2,1,2,212,"Low-Value"
3493,1,3,3,133,"Low-Value"
3494,4,1,2,412,"High-Value"
3495,4,3,3,433,"High-Value"
3496,1,1,2,112,"Low-Value"
3497,2,1,1,211,"Low-Value"
3498,1,3,3,133,"Low-Value"
3499,2,3,4,234,"Mid-Value"
3500,1,3,1,131,"Low-Value"
